Dependents,ApplicantIncome,CoapplicantIncome,LoanAmount,Loan_Amount_Term,Credit_History,Income_Strength_Score,Loan_Burden_Ratio,Credit_Reliability_Score,Financial_Stability_Index,ApplicantIncome_Log,LoanAmount_Log,Gender_Female,Gender_Male,Married_No,Married_Yes,Education_Graduate,Education_Not Graduate,Self_Employed_No,Self_Employed_Yes,Property_Area_Rural,Property_Area_Semiurban,Property_Area_Urban
-0.7682495342374575,-0.5730233156794078,-0.8525496630747721,-1.5271888656539427,0.0,0.4402468599238423,-1.0739469164857587,-1.2010025613547965,0.5434288023859707,0.37850866615885337,-0.43282786389074707,-2.012666250959349,0.0,1.0,1.0,0.0,1.0,0.0,1.0,0.0,0.0,0.0,1.0
0.23390381674711117,-0.5482263906527668,-0.8525496630747721,-0.737226202427319,0.0,0.4402468599238423,-1.0505580870783509,0.6996258224657499,0.5434288023859707,0.38826732049002194,-0.3974543876219186,-0.5983665979655841,0.0,1.0,0.0,1.0,1.0,0.0,1.0,0.0,0.0,1.0,0.0
1.2360571677316798,-0.5380637164615205,0.19527911943902784,0.1901212717952393,0.0,-2.4651457237133414,-0.3853184309824079,0.8040374580185299,-2.409465641743196,0.6094508061112575,-0.38314469216631997,0.3752517724723911,0.0,1.0,0.0,1.0,1.0,0.0,1.0,0.0,1.0,0.0,0.0
0.23390381674711117,-0.8173340032369689,0.06659839176189453,-0.44528347906095805,0.0,-2.4651457237133414,-0.7292492503011749,0.45517295004723196,-2.409465641743196,-1.6828827123252024,-0.8217222688421694,-0.24310624846566847,0.0,1.0,0.0,1.0,0.0,1.0,1.0,0.0,1.0,0.0,0.0
-0.7682495342374575,-0.830748733169414,0.5096277541931679,0.1901212717952393,0.0,0.4402468599238423,-0.46468708159443106,0.9815266554878619,0.5434288023859707,0.5874571716045672,-0.8455599517942363,0.3752517724723911,0.0,1.0,0.0,1.0,1.0,0.0,1.0,0.0,0.0,1.0,0.0
1.2360571677316798,-1.1335964240685539,0.2963854054710612,-0.7200531010528272,0.0,0.4402468599238423,-0.8837688937632298,0.26735212908826783,-0.0471500864398625,-2.142251752103241,-1.4826802598385997,-0.5758030651014024,0.0,1.0,0.0,1.0,0.0,1.0,0.0,1.0,0.0,1.0,0.0
-0.7682495342374575,-0.6762760854624702,1.2406568404732634,-1.4241502574069917,0.0,0.4402468599238423,0.1384379783703633,-2.1288530674269626,0.5434288023859707,0.7352589605197049,-0.5876177858966584,-1.7679781768366207,0.0,1.0,0.0,1.0,1.0,0.0,1.0,0.0,0.0,1.0,0.0
-0.7682495342374575,-0.9270908845024289,0.4575426977524234,-1.3898040546580082,0.0,0.4402468599238423,-0.5881494269909116,-1.5555183016026413,0.42531302462080395,0.5513035337539068,-1.0261259944277457,-1.6921111701133114,0.0,1.0,0.0,1.0,1.0,0.0,1.0,0.0,1.0,0.0,0.0
-0.7682495342374575,1.1290213578705228,-0.8525496630747721,0.9457377322728794,0.0,0.4402468599238423,0.5314469971013959,0.2965114952183359,-0.0471500864398625,-0.12397431287192212,1.1426589186050073,0.9378160245704882,1.0,0.0,1.0,0.0,1.0,0.0,0.0,1.0,1.0,0.0,0.0
-0.7682495342374575,-0.03277555567275439,2.5942555425627276,1.9932969161168803,0.0,0.4402468599238423,1.5923796359587297,0.1440226505080659,0.5434288023859707,0.9793014903362471,0.21946843414396378,1.5365870062559357,0.0,1.0,0.0,1.0,1.0,0.0,1.0,0.0,0.0,1.0,0.0
0.23390381674711117,2.2388870062965314,-0.8525496630747721,0.22446747454422294,0.0,0.4402468599238423,1.5782888247993487,-1.2595155074251878,0.5434288023859707,0.9774060675866278,1.7380742193201069,0.40419857391096675,0.0,1.0,1.0,0.0,1.0,0.0,1.0,0.0,0.0,1.0,0.0
0.4343344869440248,2.2388870062965314,-0.8525496630747721,1.9211698903440149,0.0,0.4402468599238423,1.5782888247993487,0.09889722519069058,0.5434288023859707,0.9774060675866278,1.7380742193201069,1.478023918079334,0.0,1.0,0.0,1.0,1.0,0.0,1.0,0.0,0.0,0.0,1.0
0.23390381674711117,-0.7266829494510518,0.10336431395536119,-0.84026481067427,0.0,0.4402468599238423,-0.6207404187881191,-0.5124755171521503,0.5434288023859707,0.5413299437381922,-0.6680117488589281,-0.738835058269749,1.0,0.0,1.0,0.0,1.0,0.0,1.0,0.0,0.0,0.0,1.0
-0.7682495342374575,-0.37139585972508116,2.0580858439080054,0.6366219075320266,0.0,0.4402468599238423,0.9374924125513115,-0.45380853352445577,0.5434288023859707,0.8830729388635675,-0.16261525951984315,0.7247536547570034,0.0,1.0,1.0,0.0,1.0,0.0,1.0,0.0,0.0,0.0,1.0
1.2360571677316798,-0.8457894909724586,0.5751936487715167,-0.2392062625670562,0.0,0.4402468599238423,-0.43784744129084835,0.2082971339161479,-0.0471500864398625,-0.29849259090630254,-0.8726465960031139,-0.022930128980434047,0.0,1.0,0.0,1.0,1.0,0.0,1.0,0.0,1.0,0.0,0.0
-0.7682495342374575,0.543244817487086,0.5261724191802278,2.1650279298617985,0.0,0.4402468599238423,0.8416365543242303,1.1425294209929797,0.42531302462080395,0.8673843211909014,0.7326376090384727,1.620885640283678,0.0,1.0,0.0,1.0,1.0,0.0,1.0,0.0,0.0,1.0,0.0
-0.7682495342374575,-0.2022889611827427,2.666638451881115,0.7740067185279612,0.0,0.4402468599238423,1.4777839574482543,-0.7526290108623555,0.5434288023859707,0.9636847085914189,0.03776032552974863,0.8220037502830649,0.0,1.0,1.0,0.0,1.0,0.0,1.0,0.0,0.0,0.0,1.0
-0.7682495342374575,1.085118605364339,-0.8525496630747721,-0.3250717694395153,0.0,0.4402468599238423,0.49003726634729683,-1.0609800616097815,-0.0471500864398625,-2.001288159043066,1.1148078729802846,-0.11200809395388098,0.0,1.0,1.0,0.0,0.0,1.0,1.0,0.0,1.0,0.0,0.0
2.238210518716248,-0.1344022975852174,0.25716842179803007,0.3618522855401575,0.0,-2.4651457237133414,0.03414680461929906,0.29219929036598535,-2.409465641743196,0.7124945142646432,0.11262367068896574,0.5163209359461156,0.0,1.0,0.0,1.0,1.0,0.0,1.0,0.0,0.0,0.0,1.0
1.2360571677316798,-0.15269511112946074,1.1469037388799233,-0.10182145157112164,0.0,0.4402468599238423,0.5736235747213115,-0.8862844279927863,0.5434288023859707,-1.5257987201841972,0.09273869941894519,0.11249262918280196,0.0,1.0,0.0,1.0,0.0,1.0,1.0,0.0,0.0,0.0,1.0
2.238210518716248,-0.26976911781261814,2.666638451881115,2.2508934367342577,0.0,0.4402468599238423,1.4141356675854724,0.5259849023862664,0.5434288023859707,0.9548061793332953,-0.039689253216690396,1.6618537733590395,0.0,1.0,0.0,1.0,1.0,0.0,1.0,0.0,0.0,1.0,0.0
-0.7682495342374575,0.012753224704029039,-0.8525496630747721,-0.737226202427319,0.0,0.4402468599238423,-0.5214337496648631,-0.49024422861604927,-0.0471500864398625,-2.095013899474107,0.26545786466853466,-0.5983665979655841,0.0,1.0,0.0,1.0,0.0,1.0,0.0,1.0,0.0,0.0,1.0
1.2360571677316798,-1.0644902395680789,0.13951747077893675,-0.6513606955548599,0.0,0.4402468599238423,-0.9167433089933457,0.5048628742708128,0.5434288023859707,0.4408628801531287,-1.3174154314999862,-0.48779432258839767,0.0,1.0,0.0,1.0,1.0,0.0,1.0,0.0,1.0,0.0,0.0
0.23390381674711117,2.1692726880864943,-0.8525496630747721,0.2759867786676984,0.0,0.4402468599238423,1.512627561913798,-1.1817764946988827,-0.0471500864398625,0.00029484972525194045,1.7057273659674552,0.44691690972280923,0.0,1.0,0.0,1.0,1.0,0.0,0.0,1.0,1.0,0.0,0.0
0.23390381674711117,-0.47302260163754417,-0.1889247674826988,-0.067475248822138,0.0,0.4402468599238423,-0.5643771741505954,0.7695162423178054,0.5434288023859707,-1.656997218780972,-0.2940230880445356,0.14508470928319223,0.0,1.0,0.0,1.0,0.0,1.0,1.0,0.0,0.0,0.0,1.0
-0.7682495342374575,0.3676338074623499,0.4599937592319878,0.6194488061575348,0.0,0.4402468599238423,0.6345879005537352,-0.175291740200571,0.5434288023859707,0.8318087969329412,0.5903001438798505,0.7122894561510263,0.0,1.0,0.0,1.0,1.0,0.0,1.0,0.0,1.0,0.0,0.0
0.23390381674711117,0.5769848958020237,1.7517031589624499,2.2508934367342577,0.0,-0.1408316568035943,1.6403075650722703,0.3047751472975843,-0.16526586420502928,0.9856978164476171,0.7588076958878518,1.6618537733590395,0.0,1.0,0.0,1.0,1.0,0.0,1.0,0.0,0.0,0.0,1.0
1.2360571677316798,0.43999204770402356,-0.8525496630747721,0.08708266354828838,0.0,0.4402468599238423,-0.11845572167821408,0.15501429176323608,0.30719724685563715,-0.23265070082353112,0.6502419444339502,0.28605339890751985,0.0,1.0,0.0,1.0,1.0,0.0,0.0,1.0,1.0,0.0,0.0
-0.7682495342374575,-0.4352174536461079,1.7615074048807076,-0.11899455294561347,0.0,-2.4651457237133414,0.6917179920570755,-1.0005965493383178,-2.409465641743196,0.8418679660782498,-0.2440746029355406,0.0960137119127256,0.0,1.0,0.0,1.0,1.0,0.0,1.0,0.0,1.0,0.0,0.0
2.238210518716248,-0.6083894218649449,1.598511816489672,0.7053143130299939,0.0,-2.4651457237133414,0.426388976484515,0.16271437962336058,-2.409465641743196,0.7934294048142546,-0.4844427282293609,0.7739160396098412,0.0,1.0,0.0,1.0,1.0,0.0,1.0,0.0,0.0,1.0,0.0
-0.7682495342374575,-0.8795295692873962,-0.8525496630747721,-1.2352461422875818,0.0,0.4402468599238423,-1.3630481848986353,0.3973533865847537,0.5434288023859707,0.24001420940878404,-0.9348469141573053,-1.37978721908776,1.0,0.0,1.0,0.0,1.0,0.0,1.0,0.0,0.0,0.0,1.0
-0.7682495342374575,-0.6783086203007195,-0.8525496630747721,-1.3554578519090246,0.0,0.4402468599238423,-1.1732535856090147,-0.5484576325876783,0.5434288023859707,0.33492958566779774,-0.5907946815742188,-1.6187735401205559,1.0,0.0,1.0,0.0,1.0,0.0,1.0,0.0,0.0,0.0,1.0
-0.7682495342374575,-0.3323711908306954,-0.8525496630747721,-0.4796296818099417,0.0,0.4402468599238423,-0.8469602442040306,0.6860747525263547,0.5434288023859707,0.4663358685038445,-0.11446906640927879,-0.28204399360821053,1.0,0.0,1.0,0.0,1.0,0.0,1.0,0.0,0.0,1.0,0.0
-0.7682495342374575,-0.4392825233226065,-0.8525496630747721,-0.737226202427319,0.0,0.4402468599238423,-0.9478006070589199,0.39685408825899454,0.5434288023859707,0.4291164990801816,-0.24938300396352012,-0.5983665979655841,0.0,1.0,1.0,0.0,1.0,0.0,1.0,0.0,0.0,0.0,1.0
0.23390381674711117,0.2721046700646347,-0.15951202972792547,0.8083529212769448,0.0,-0.7219101735310313,0.1568423031499629,0.6744173870963499,-0.7558447530308628,-1.566639726059245,0.5081598951520339,0.8456590875492352,0.0,1.0,0.0,1.0,0.0,1.0,1.0,0.0,0.0,0.0,1.0
1.2360571677316798,0.5168218645898456,-0.8525496630747721,-0.10182145157112164,0.0,0.4402468599238423,-0.04598869285854076,-0.21573785383172167,0.5434288023859707,0.694307315025368,0.7118889825425353,0.11249262918280196,0.0,1.0,0.0,1.0,1.0,0.0,1.0,0.0,0.0,1.0,0.0
-0.7682495342374575,-0.2022889611827427,-0.8525496630747721,-0.39376417493748256,0.0,-2.4651457237133414,-0.7242647456733667,0.5439944411140897,-2.409465641743196,0.5083321372247118,0.03776032552974863,-0.18596212214877875,1.0,0.0,1.0,0.0,1.0,0.0,1.0,0.0,0.0,1.0,0.0
1.2360571677316798,-0.10716633075267733,-0.8525496630747721,-0.20486005981807257,0.0,-2.4651457237133414,-0.6345436623728188,0.686553874691754,-2.409465641743196,0.5370481080613831,0.14185087720376507,0.011715077884983334,0.0,1.0,0.0,1.0,1.0,0.0,1.0,0.0,0.0,1.0,0.0
-0.7682495342374575,0.543244817487086,-0.8525496630747721,0.0183902580503211,0.0,0.4402468599238423,-0.021066169719499664,-0.08653782923082662,0.5434288023859707,0.7000313403454015,0.7326376090384727,0.2245130177241069,0.0,1.0,1.0,0.0,1.0,0.0,1.0,0.0,1.0,0.0,0.0
-0.7682495342374575,-1.1169296383949099,2.249881404683923,-1.2352461422875818,0.0,-0.1408316568035943,0.35430537109775,-2.0068908020778786,-0.28338164197019605,0.7794603361319945,-1.4414909203915938,-1.37978721908776,0.0,1.0,1.0,0.0,1.0,0.0,1.0,0.0,1.0,0.0,0.0
0.23390381674711117,-1.4892900207621744,0.9992272847361656,-0.4968027831844335,0.0,0.4402468599238423,-0.7794777200121654,0.4747648571611993,-0.0471500864398625,-0.38261276718787646,-2.679406950169572,-0.301774396436202,0.0,1.0,0.0,1.0,1.0,0.0,0.0,1.0,0.0,0.0,1.0
1.2360571677316798,-0.20188245421509285,0.03412182715766564,0.3275060827911739,0.0,0.4402468599238423,-0.1690676148221129,0.5861118070350586,0.5434288023859707,0.6650875731621186,0.03821747823652939,0.48882151326384127,0.0,1.0,0.0,1.0,1.0,0.0,1.0,0.0,1.0,0.0,0.0
-0.7682495342374575,-0.21570369111518783,-0.8525496630747721,-0.2907255666905317,0.0,0.4402468599238423,-0.7369177189593414,0.7780626833864521,0.5434288023859707,0.504153209068514,0.02261241569034934,-0.07594293921172837,0.0,1.0,1.0,0.0,1.0,0.0,1.0,0.0,0.0,1.0,0.0
0.23390381674711117,-1.0770919555652243,0.9397890438567278,-0.44528347906095805,0.0,0.4402468599238423,-0.4278784320352319,-0.1501670501890619,0.5434288023859707,0.5977716629941123,-1.3465027735419601,-0.24310624846566847,0.0,1.0,0.0,1.0,1.0,0.0,1.0,0.0,0.0,0.0,1.0
-0.7682495342374575,-0.5994462685766482,0.7394147679023345,-0.3250717694395153,0.0,0.4402468599238423,-0.10273536092897277,-0.4497381408921032,0.5434288023859707,-1.5957092452263402,-0.4712580119660753,-0.11200809395388098,0.0,1.0,1.0,0.0,0.0,1.0,1.0,0.0,1.0,0.0,0.0
2.238210518716248,-0.6376579235357343,-0.8525496630747721,-0.44528347906095805,0.0,0.4402468599238423,-1.1349112423181822,1.7553080739348197,0.5434288023859707,-1.7601344888558017,-0.5282419881365376,-0.24310624846566847,0.0,1.0,0.0,1.0,0.0,1.0,1.0,0.0,1.0,0.0,0.0
1.2360571677316798,0.13673784983723392,1.394460948315932,1.6670079900015358,0.0,0.4402468599238423,1.0015241258470018,0.45851339931640217,0.5434288023859707,0.8932979610359246,0.3853450095613399,1.366934709659138,0.0,1.0,0.0,1.0,1.0,0.0,1.0,0.0,0.0,1.0,0.0
0.23390381674711117,-0.03277555567275439,0.07150051472102341,-0.18768695844358074,0.0,0.4402468599238423,0.013825362675157861,-0.4107716084137122,0.5434288023859707,0.7079416708268902,0.21946843414396378,0.0288352045125543,0.0,1.0,0.0,1.0,1.0,0.0,1.0,0.0,1.0,0.0,0.0
-0.7682495342374575,-0.4880633594405887,-0.8525496630747721,-0.2907255666905317,0.0,-0.1408316568035943,-0.9938114190079188,1.5763846912702277,-0.0471500864398625,-0.44551730910659165,-0.3142650025532253,-0.07594293921172837,1.0,0.0,1.0,0.0,1.0,0.0,0.0,1.0,0.0,0.0,1.0
-0.7682495342374575,0.4318619083510265,1.963107211574883,2.0448162202403557,0.0,0.4402468599238423,1.6357064838773703,0.14642758338228473,0.5434288023859707,0.985087135795143,0.6436001949973582,1.5622174923131444,0.0,1.0,0.0,1.0,1.0,0.0,1.0,0.0,0.0,1.0,0.0
-0.7682495342374575,1.491625573014191,-0.8525496630747721,2.2508934367342577,0.0,0.4402468599238423,0.8734606992556213,1.1817025284371907,0.5434288023859707,0.8726450429587849,1.3583331717521874,1.6618537733590395,1.0,0.0,1.0,0.0,1.0,0.0,1.0,0.0,0.0,1.0,0.0
1.2360571677316798,-0.45391677415800114,-0.8525496630747721,-1.011995824419188,0.0,-2.4651457237133414,-0.9616038506436195,-0.19584229557025484,-2.409465641743196,0.42381041722126167,-0.26861665589414335,-0.9949291212304161,0.0,1.0,1.0,0.0,1.0,0.0,1.0,0.0,1.0,0.0,0.0
0.23390381674711117,2.2388870062965314,-0.8525496630747721,0.791179819902453,0.0,0.4402468599238423,1.5782888247993487,-0.8057946554381032,0.5434288023859707,0.9774060675866278,1.7380742193201069,0.8338632138774786,0.0,1.0,0.0,1.0,1.0,0.0,1.0,0.0,1.0,0.0,0.0
1.2360571677316798,0.30625125534722225,1.71861382898833,2.199374132610782,0.0,0.4402468599238423,1.3642426933782765,0.5347953520110471,-0.0471500864398625,-0.01629903588194084,0.5379289991967677,1.6373645575537543,0.0,1.0,0.0,1.0,1.0,0.0,0.0,1.0,0.0,0.0,1.0
-0.7682495342374575,0.07982687436625463,-0.3439544060651499,-0.2392062625670562,0.0,0.4402468599238423,-0.13992743392108026,-0.2774375531746648,0.5434288023859707,0.6721538434222736,0.33124976217869634,-0.022930128980434047,0.0,1.0,0.0,1.0,1.0,0.0,1.0,0.0,0.0,1.0,0.0
0.23390381674711117,0.25259233561744177,0.023704815869516747,0.3790253869146493,0.0,-2.4651457237133414,0.25308158480995235,0.0034138472639560842,-2.409465641743196,-1.556629890119588,0.49093777655501064,0.5299428071405343,0.0,1.0,0.0,1.0,0.0,1.0,1.0,0.0,0.0,1.0,0.0
-0.7682495342374575,2.2388870062965314,-0.8525496630747721,1.7700465982484868,0.0,-2.4651457237133414,1.5782888247993487,-0.022095002005865477,-2.409465641743196,0.9774060675866278,1.7380742193201069,1.4219357036398987,0.0,1.0,1.0,0.0,1.0,0.0,1.0,0.0,0.0,1.0,0.0
-0.7682495342374575,0.46926054937481293,0.4710235358900278,0.7740067185279612,0.0,0.4402468599238423,0.7373453805731661,-0.12414760120787369,-0.0471500864398625,-0.09467843860638375,0.6739623339396075,0.8220037502830649,0.0,1.0,0.0,1.0,1.0,0.0,0.0,1.0,0.0,1.0,0.0
1.2360571677316798,0.8277996948419825,0.2197897342346723,1.563969381754585,0.0,0.4402468599238423,0.9183212409058953,0.45699362924567294,0.5434288023859707,0.8799724554599206,0.9428377809486731,1.310523281157197,0.0,1.0,0.0,1.0,1.0,0.0,1.0,0.0,0.0,1.0,0.0
-0.7682495342374575,-0.03277555567275439,-0.8525496630747721,-0.9433034189212208,0.0,0.4402468599238423,-0.5643771741505954,-0.7865116991909129,0.5434288023859707,0.5584608440461882,0.21946843414396378,-0.8888881042400811,1.0,0.0,0.0,1.0,1.0,0.0,1.0,0.0,1.0,0.0,0.0
-0.7682495342374575,-0.3612331855338349,-0.8525496630747721,-0.4968027831844335,0.0,0.4402468599238423,-0.8741833079405216,0.7249142449914088,0.5434288023859707,0.45654493550566544,-0.14995954740260498,-0.301774396436202,0.0,1.0,0.0,1.0,1.0,0.0,1.0,0.0,0.0,1.0,0.0
-0.7682495342374575,-0.710016163777408,-0.5241074248131365,-1.2524192436620736,0.0,0.4402468599238423,-0.9976456533370021,-0.6769076328725767,0.5434288023859707,-1.7313787955256714,-0.6410527003210597,-1.4123792991881503,0.0,1.0,0.0,1.0,0.0,1.0,1.0,0.0,1.0,0.0,0.0
-0.7682495342374575,-0.9201802660523815,1.47595874251145,0.059605701349101564,0.0,0.4402468599238423,0.05561851686216523,-0.11125056683417212,0.5434288023859707,-1.577596342078212,-1.012588580630919,0.2374535757482315,0.0,1.0,0.0,1.0,0.0,1.0,1.0,0.0,0.0,0.0,1.0
-0.7682495342374575,-0.3807455199810278,0.23510886848195006,-0.13616765432010527,0.0,0.4402468599238423,-0.21201103930784526,-0.019999404758060346,0.5434288023859707,0.6544978371130713,-0.17433323458472336,0.07941042427943844,0.0,1.0,0.0,1.0,1.0,0.0,1.0,0.0,0.0,1.0,0.0
-0.7682495342374575,0.47048007027776245,-0.8525496630747721,0.08708266354828838,0.0,0.4402468599238423,-0.08969896421008974,0.10987006888010666,0.5434288023859707,0.6841152051862583,0.6749443031545661,0.28605339890751985,0.0,1.0,0.0,1.0,1.0,0.0,1.0,0.0,0.0,0.0,1.0
-0.7682495342374575,-0.2022889611827427,-0.8525496630747721,-0.7028799996783354,0.0,-2.4651457237133414,-0.7242647456733667,-0.060150062665689244,-2.409465641743196,0.5083321372247118,0.03776032552974863,-0.5534686075921494,0.0,1.0,1.0,0.0,1.0,0.0,1.0,0.0,0.0,1.0,0.0
1.2360571677316798,-0.3848105896575263,-0.8525496630747721,-0.3250717694395153,0.0,0.4402468599238423,-0.8964218670492045,1.1646408896806333,0.5434288023859707,0.4484091017195319,-0.17945057286517666,-0.11200809395388098,0.0,1.0,0.0,1.0,1.0,0.0,1.0,0.0,0.0,1.0,0.0
-0.7682495342374575,-0.04740980650814907,-0.8525496630747721,-0.4109372763119744,0.0,0.4402468599238423,-0.5781804177352952,0.18708248181205872,0.5434288023859707,0.554316861298481,0.20444719551721294,-0.20484571594015916,1.0,0.0,1.0,0.0,1.0,0.0,1.0,0.0,0.0,1.0,0.0
1.2360571677316798,0.13673784983723392,-0.8525496630747721,-1.1493806354151226,0.0,-2.4651457237133414,-0.40448960262782413,-1.335807846791506,-2.409465641743196,-0.29111343377434024,0.3853450095613399,-1.2236987093344314,0.0,1.0,0.0,1.0,1.0,0.0,1.0,0.0,0.0,1.0,0.0
0.23390381674711117,-0.45635581596390024,-0.8525496630747721,-0.46245658043544985,0.0,-0.7219101735310313,-0.9639043912410695,1.0730520346744232,-0.637728975265696,0.42292083886091686,-0.271841227433522,-0.26248897445863373,1.0,0.0,1.0,0.0,1.0,0.0,1.0,0.0,0.0,1.0,0.0
-0.7682495342374575,0.8615397731569202,-0.8525496630747721,-0.1533407556945971,0.0,0.4402468599238423,0.2791543782477184,-0.6692915032642711,0.5434288023859707,-1.5539824392311017,0.9662908414316688,0.06268087469134023,0.0,1.0,1.0,0.0,0.0,1.0,1.0,0.0,0.0,1.0,0.0
-0.7682495342374575,-0.838878872522411,0.3184449587871412,-0.39376417493748256,0.0,-2.4651457237133414,-0.5919836613199948,0.2462961668668137,-2.409465641743196,-1.6611576678579325,-0.8601535420804736,-0.18596212214877875,0.0,1.0,0.0,1.0,0.0,1.0,1.0,0.0,0.0,1.0,0.0
-0.7682495342374575,-1.0291241333825418,0.12236004042198563,-0.737226202427319,0.0,0.4402468599238423,-0.8941213264517545,0.25601817329019233,0.5434288023859707,0.44925660379367705,-1.2380782929616847,-0.5983665979655841,0.0,1.0,0.0,1.0,1.0,0.0,1.0,0.0,0.0,1.0,0.0
-0.7682495342374575,-1.160425883933444,0.2920960478818234,-0.84026481067427,0.0,0.4402468599238423,-0.9117588043655374,0.07295445869452856,0.5434288023859707,0.4427238929899049,-1.5509144311968435,-0.738835058269749,0.0,1.0,0.0,1.0,1.0,0.0,1.0,0.0,0.0,0.0,1.0
0.23390381674711117,-0.7779028273749332,0.2761641482646545,-0.4109372763119744,0.0,0.4402468599238423,-0.5609263632544205,0.1524339148781278,0.5434288023859707,0.5594917546528032,-0.7533327474056167,-0.20484571594015916,0.0,1.0,0.0,1.0,1.0,0.0,1.0,0.0,0.0,1.0,0.0
-0.7682495342374575,-0.3852170966251761,-0.8525496630747721,-1.6645736766498773,0.0,0.4402468599238423,-0.8968052904821128,-1.769048451888342,-0.0471500864398625,-0.4158768815876905,-0.17996306349271135,-2.3880296203577616,0.0,1.0,0.0,1.0,1.0,0.0,1.0,0.0,1.0,0.0,0.0
0.23390381674711117,0.4005608718419879,-0.8525496630747721,-1.6302274739008937,0.0,0.4402468599238423,-0.15564779467032155,-2.260210291415432,0.5434288023859707,0.6683535818578034,0.617811076600311,-2.288015799381466,0.0,1.0,0.0,1.0,1.0,0.0,1.0,0.0,0.0,0.0,1.0
1.2360571677316798,-1.3356303869905304,0.30006199769040787,0.48206399516160026,0.0,0.4402468599238423,-1.0720297993212171,3.8151980716772376,0.5434288023859707,0.3793154083317236,-2.069063954691042,0.6099489028911539,1.0,0.0,0.0,1.0,1.0,0.0,1.0,0.0,0.0,0.0,1.0
2.238210518716248,1.2505669411978286,-0.8525496630747721,-0.18768695844358074,0.0,0.4402468599238423,0.6460906035409849,-1.0367588579718157,0.5434288023859707,0.8338496709278669,1.21770649052085,0.0288352045125543,0.0,1.0,0.0,1.0,1.0,0.0,1.0,0.0,0.0,0.0,1.0
-0.7682495342374575,-0.9961970690029038,-0.8525496630747721,-1.2524192436620736,0.0,0.4402468599238423,-1.4730907101433244,0.8198707253604117,0.5434288023859707,-1.8482527183532844,-1.1670694317984616,-1.4123792991881503,1.0,0.0,1.0,0.0,0.0,1.0,1.0,0.0,1.0,0.0,0.0
-0.7682495342374575,0.4619434239571156,-0.8525496630747721,-0.11899455294561347,0.0,0.4402468599238423,-0.09775085630116456,-0.1669217176749031,-0.0471500864398625,-2.0505867842408927,0.6680598662004444,0.0960137119127256,0.0,1.0,1.0,0.0,0.0,1.0,0.0,1.0,0.0,1.0,0.0
1.2360571677316798,2.2388870062965314,-0.8525496630747721,2.2508934367342577,0.0,0.4402468599238423,1.5782888247993487,0.3628802663468127,-0.0471500864398625,0.0074337977476758585,1.7380742193201069,1.6618537733590395,0.0,1.0,0.0,1.0,1.0,0.0,0.0,1.0,1.0,0.0,0.0
-0.7682495342374575,-0.9291234193406782,-0.8525496630747721,-1.59588127115191,0.0,0.4402468599238423,-1.409825843713451,-0.6450790974307551,0.5434288023859707,0.2137291113119847,-1.0301259620872285,-2.19235180714621,1.0,0.0,1.0,0.0,1.0,0.0,1.0,0.0,1.0,0.0,0.0
1.2360571677316798,0.2956820741883261,-0.8525496630747721,-0.1533407556945971,0.0,0.4402468599238423,-0.25457104036066924,0.022601101953173705,0.5434288023859707,0.6437878274611324,0.5287643596363694,0.06268087469134023,0.0,1.0,0.0,1.0,1.0,0.0,1.0,0.0,0.0,0.0,1.0
-0.7682495342374575,-0.47424212254049375,0.35092152339137006,-0.39376417493748256,0.0,0.4402468599238423,-0.22773140005708656,-0.37909628021100944,0.5434288023859707,0.650567259867226,-0.2956563362340367,-0.18596212214877875,0.0,1.0,0.0,1.0,1.0,0.0,1.0,0.0,1.0,0.0,0.0
-0.7682495342374575,-0.970993637008613,0.4140363564901545,-0.5105412642840269,0.0,0.4402468599238423,-0.6567822214815017,0.1585673025214519,0.5434288023859707,0.5300753707330528,-1.1144507636554855,-0.41290948679373624,0.0,1.0,0.0,1.0,1.0,0.0,1.0,0.0,0.0,0.0,1.0
-0.7682495342374575,-0.8352203098135624,1.2608780976796699,0.4477177924126166,0.0,-2.4651457237133414,0.001172389389183154,0.4593016487731365,-2.409465641743196,-2.041438437434934,-0.8535725894354872,0.5836021787781154,0.0,1.0,0.0,1.0,0.0,1.0,0.0,1.0,1.0,0.0,0.0
-0.7682495342374575,-0.4051359380400189,0.04147501159635897,0.08708266354828838,0.0,0.4402468599238423,-0.35617825008137527,0.5787953012889082,0.5434288023859707,0.6173002395047925,-0.20524549569391096,0.28605339890751985,1.0,0.0,0.0,1.0,1.0,0.0,1.0,0.0,0.0,1.0,0.0
2.238210518716248,0.037143642763020165,-0.8525496630747721,-0.7543993038018107,0.0,-2.4651457237133414,-0.49842834369036365,-0.5557210313710375,-2.409465641743196,-1.647317120494234,0.28964588185459555,-0.6211639539866046,0.0,1.0,0.0,1.0,0.0,1.0,1.0,0.0,0.0,1.0,0.0
-0.7682495342374575,-1.1559543072892957,0.2314322762626034,-0.7543993038018107,0.0,0.4402468599238423,-0.94550006646147,0.35163490590410895,-0.0471500864398625,-2.151474904401678,-1.5393710068108406,-0.6211639539866046,0.0,1.0,0.0,1.0,0.0,1.0,1.0,0.0,1.0,0.0,0.0
-0.7682495342374575,1.007475774543217,-0.8525496630747721,-0.01595594469866254,0.0,0.4402468599238423,0.4168033906618069,-0.6473506658074711,-0.0471500864398625,-2.0068359370609556,1.0645334736110623,0.19308498081138778,1.0,0.0,0.0,1.0,0.0,1.0,0.0,1.0,1.0,0.0,0.0
1.2360571677316798,0.543244817487086,-0.8525496630747721,1.1346418473922895,0.0,0.4402468599238423,-0.021066169719499664,1.4283537589421824,-0.0471500864398625,-0.21446598404530512,0.7326376090384727,1.0585404605985338,0.0,1.0,0.0,1.0,1.0,0.0,0.0,1.0,0.0,1.0,0.0
-0.7682495342374575,0.5757653748990742,0.7216445721754923,0.7396605157789775,0.0,0.4402468599238423,0.9946225040546518,-0.4066736917893694,0.42531302462080395,0.8922053790968271,0.7578680244032654,0.7980912847497609,0.0,1.0,0.0,1.0,1.0,0.0,1.0,0.0,1.0,0.0,0.0
-0.7682495342374575,-0.6116414776061437,-0.8525496630747721,-0.6685337969293517,0.0,0.4402468599238423,-1.1103721426120494,1.0765507951843807,0.5434288023859707,0.3629404882269909,-0.489259883504633,-0.5094686375063348,1.0,0.0,1.0,0.0,1.0,0.0,1.0,0.0,0.0,1.0,0.0
-0.7682495342374575,-0.710016163777408,-0.8525496630747721,-0.9433034189212208,0.0,0.4402468599238423,-1.2031606133758639,0.6767304774711579,0.5434288023859707,0.3210646596256829,-0.6410527003210597,-0.8888881042400811,1.0,0.0,1.0,0.0,1.0,0.0,1.0,0.0,0.0,1.0,0.0
0.23390381674711117,0.029013503410023123,-0.8525496630747721,-0.01595594469866254,0.0,0.4402468599238423,-0.5060968123485301,0.7259153003955621,-0.0471500864398625,-2.0932307083853563,0.28161728212510617,0.19308498081138778,0.0,1.0,0.0,1.0,0.0,1.0,0.0,1.0,0.0,0.0,1.0
1.2360571677316798,2.048540118694488,-0.8525496630747721,-0.46245658043544985,0.0,0.4402468599238423,1.398750802340026,-1.7351748717163773,0.5434288023859707,0.952637391763891,1.6482919464069752,-0.26248897445863373,0.0,1.0,0.0,1.0,1.0,0.0,1.0,0.0,0.0,0.0,1.0
-0.7682495342374575,0.4737321260189613,-0.8525496630747721,-0.01595594469866254,0.0,0.4402468599238423,-0.08663157674682315,-0.038814446780346706,0.5434288023859707,0.6848369250695682,0.6775604160220404,0.19308498081138778,0.0,1.0,0.0,1.0,1.0,0.0,1.0,0.0,1.0,0.0,0.0
0.23390381674711117,0.8989384141807065,-0.8525496630747721,1.0487763405198303,0.0,0.4402468599238423,0.31442933407528423,0.7186656559939911,0.5434288023859707,0.771570232429383,0.9919540286546984,1.0044855256821663,0.0,1.0,0.0,1.0,1.0,0.0,1.0,0.0,0.0,1.0,0.0
-0.7682495342374575,-0.26976911781261814,0.6793637616530056,0.0183902580503211,0.0,0.4402468599238423,0.17064554673466256,-0.33748717707579884,0.5434288023859707,0.7420944436850463,-0.039689253216690396,0.2245130177241069,0.0,1.0,1.0,0.0,1.0,0.0,1.0,0.0,1.0,0.0,0.0
-0.7682495342374575,2.2388870062965314,-0.8525496630747721,2.2508934367342577,0.0,0.4402468599238423,1.5782888247993487,0.3628802663468127,0.5434288023859707,0.9774060675866278,1.7380742193201069,1.6618537733590395,0.0,1.0,1.0,0.0,1.0,0.0,1.0,0.0,1.0,0.0,0.0
-0.7682495342374575,-0.33765578141014346,-0.8525496630747721,-0.4968027831844335,0.0,0.4402468599238423,-0.8519447488318388,0.6632791018760338,0.5434288023859707,-1.7039492662469475,-0.12091807416915665,-0.301774396436202,0.0,1.0,1.0,0.0,0.0,1.0,1.0,0.0,1.0,0.0,0.0
1.2360571677316798,-0.564080162391111,-0.5559712240474743,-0.067475248822138,0.0,0.4402468599238423,-0.8799346594341465,1.6708330825476472,0.5434288023859707,0.45445288382849003,-0.41999436597049183,0.14508470928319223,0.0,1.0,0.0,1.0,1.0,0.0,1.0,0.0,0.0,1.0,0.0
-0.7682495342374575,-0.432371904872559,-0.8525496630747721,-1.011995824419188,0.0,0.4402468599238423,-0.9412824086994784,-0.24225650400681886,0.5434288023859707,0.43160364949207414,-0.24036750314891633,-0.9949291212304161,0.0,1.0,1.0,0.0,1.0,0.0,1.0,0.0,0.0,0.0,1.0
-0.7682495342374575,2.2388870062965314,-0.8525496630747721,-0.4968027831844335,0.0,0.4402468599238423,1.5782888247993487,-1.836978409954205,0.5434288023859707,0.9774060675866278,1.7380742193201069,-0.301774396436202,0.0,1.0,0.0,1.0,1.0,0.0,1.0,0.0,0.0,1.0,0.0
2.238210518716248,-0.6425360071475325,-0.8525496630747721,1.9932969161168803,0.0,0.4402468599238423,-1.1395123235130822,8.214873101379318,0.5434288023859707,0.3501451657101308,-0.5356407698484121,1.5365870062559357,1.0,0.0,1.0,0.0,1.0,0.0,1.0,0.0,1.0,0.0,0.0
1.2360571677316798,0.7627585800180061,-0.8525496630747721,1.1346418473922895,0.0,0.4402468599238423,0.18598248405099554,1.0339221881149696,0.5434288023859707,0.7453184527048415,0.8967957542054605,1.0585404605985338,0.0,1.0,0.0,1.0,1.0,0.0,1.0,0.0,0.0,1.0,0.0
-0.7682495342374575,-1.0921327133682688,-0.24162258929333436,-1.5271888656539427,0.0,0.4402468599238423,-1.1813054777000895,-0.9988022141965511,0.5434288023859707,0.33123255455747663,-1.3818114746740073,-2.012666250959349,0.0,1.0,0.0,1.0,1.0,0.0,1.0,0.0,0.0,1.0,0.0
0.23390381674711117,1.3855272544575794,-0.7054859743009054,1.9589507133678967,0.0,0.4402468599238423,0.8654088071645465,0.9071376378706069,0.5434288023859707,0.8713189846028101,1.2977133206897558,1.5193326027540872,0.0,1.0,0.0,1.0,1.0,0.0,1.0,0.0,0.0,0.0,1.0
-0.7682495342374575,-0.14781702751766254,-0.8525496630747721,-0.05030214744764618,0.0,-2.4651457237133414,-0.6728860056636513,1.0730520346744232,-2.409465641743196,0.5249677688211466,0.09806168466427126,0.16120144927122382,1.0,0.0,1.0,0.0,1.0,0.0,1.0,0.0,0.0,1.0,0.0
-0.7682495342374575,-1.2177433663720731,1.5311076258016498,1.065949441894322,0.0,-2.4651457237133414,-0.19053932706497909,1.707598418667511,-2.409465641743196,-1.606317953209875,-1.7054290377370191,1.0154032908646176,0.0,1.0,0.0,1.0,0.0,1.0,1.0,0.0,0.0,1.0,0.0
0.23390381674711117,0.5696677703843264,0.3754321381870145,1.9074314092444213,0.0,0.4402468599238423,0.7722369129678237,0.9833155476420956,0.5434288023859707,0.8557261962234122,0.7531627024353965,1.4931945704942649,0.0,1.0,0.0,1.0,1.0,0.0,1.0,0.0,0.0,1.0,0.0
-0.7682495342374575,-1.1640844466422926,-0.10926526939685435,-1.5787081697774181,0.0,0.4402468599238423,-1.1663519638166648,-1.1684276091095989,0.5434288023859707,0.33807790243704544,-1.560411352034519,-2.146035882357556,0.0,1.0,1.0,0.0,1.0,0.0,1.0,0.0,0.0,0.0,1.0
-0.7682495342374575,2.2388870062965314,-0.8525496630747721,0.8255260226514366,0.0,-2.4651457237133414,1.5782888247993487,-0.7782964219843405,-2.409465641743196,0.0074337977476758585,1.7380742193201069,0.8573920495956948,0.0,1.0,1.0,0.0,1.0,0.0,0.0,1.0,0.0,0.0,1.0
-0.7682495342374575,2.2388870062965314,-0.8525496630747721,2.2508934367342577,0.0,0.4402468599238423,1.5782888247993487,0.3628802663468127,0.5434288023859707,0.9774060675866278,1.7380742193201069,1.6618537733590395,0.0,1.0,0.0,1.0,1.0,0.0,1.0,0.0,0.0,1.0,0.0
0.23390381674711117,0.23836459174969693,-0.4309670885896877,0.3618522855401575,0.0,0.4402468599238423,-0.04483842255981578,0.41851105855879395,-0.0471500864398625,-0.21883275430711197,0.4782811035718555,0.5163209359461156,0.0,1.0,0.0,1.0,1.0,0.0,1.0,0.0,1.0,0.0,0.0
-0.7682495342374575,0.5119437809780474,0.4060704066815701,1.2376804556392402,0.0,0.4402468599238423,0.7369619571402578,0.34958396742138387,0.5434288023859707,0.849699896049158,0.7080336343876891,1.1217005451354292,0.0,1.0,0.0,1.0,1.0,0.0,1.0,0.0,1.0,0.0,0.0
-0.7682495342374575,1.0310531786669084,-0.8525496630747721,-0.3250717694395153,0.0,0.4402468599238423,0.4390419497704897,-1.0187140766015768,0.5434288023859707,0.795843571483416,1.079940789313967,-0.11200809395388098,1.0,0.0,1.0,0.0,1.0,0.0,1.0,0.0,1.0,0.0,0.0
0.23390381674711117,-0.044564257734600106,-0.09946102347859657,0.3275060827911739,0.0,0.4402468599238423,-0.10426905466060607,0.471122469790261,0.5434288023859707,-1.595890922531341,0.20737728228055066,0.48882151326384127,0.0,1.0,0.0,1.0,0.0,1.0,1.0,0.0,0.0,0.0,1.0
2.238210518716248,2.2388870062965314,-0.8525496630747721,2.2508934367342577,0.0,-2.4651457237133414,1.5782888247993487,0.3628802663468127,-2.409465641743196,0.9774060675866278,1.7380742193201069,1.6618537733590395,0.0,1.0,0.0,1.0,1.0,0.0,1.0,0.0,1.0,0.0,0.0
-0.7682495342374575,-0.12749167913516993,-0.8525496630747721,0.2588136772932066,0.0,0.4402468599238423,-0.653714834018235,1.6008269101101993,0.5434288023859707,-1.670706318381384,0.12008208579605575,0.4327694322257932,1.0,0.0,1.0,0.0,0.0,1.0,1.0,0.0,1.0,0.0,0.0
-0.7682495342374575,-0.5799339341294553,-0.8525496630747721,-1.870650893143779,0.0,0.4402468599238423,-1.0804651148452002,-2.053586444861566,0.5434288023859707,0.37575644327325797,-0.44280420772118556,-3.1078735393637906,1.0,0.0,1.0,0.0,1.0,0.0,1.0,0.0,0.0,0.0,1.0
0.23390381674711117,-0.4868438385376392,-0.1111035655065277,-0.1533407556945971,0.0,0.4402468599238423,-0.5287187948901213,0.5380955175150711,-0.0471500864398625,-0.31927720436956014,-0.31261573057340375,0.06268087469134023,0.0,1.0,0.0,1.0,1.0,0.0,0.0,1.0,1.0,0.0,0.0
-0.7682495342374575,-0.30960680064230367,0.16831744316381897,-0.5139758845589253,0.0,0.4402468599238423,-0.18670509273589583,-0.6119633407484575,0.5434288023859707,-1.6058456378217423,-0.08693560702780882,-0.321683357372245,0.0,1.0,1.0,0.0,0.0,1.0,1.0,0.0,1.0,0.0,0.0
0.23390381674711117,-0.7628620695718887,0.3221215510064878,0.12142886629727202,0.0,-2.4651457237133414,-0.5179829387686882,0.9905720090161061,-2.409465641743196,0.5721545205511082,-0.7278794696771197,0.31618983139796003,0.0,1.0,0.0,1.0,1.0,0.0,1.0,0.0,1.0,0.0,0.0
1.2360571677316798,0.6989369860969793,-0.239784293183661,0.8255260226514366,0.0,0.4402468599238423,0.5092084379927131,0.1925631759933058,-0.0471500864398625,-1.9998597191887442,0.850508932632261,0.8573920495956948,0.0,1.0,0.0,1.0,0.0,1.0,0.0,1.0,1.0,0.0,0.0
-0.7682495342374575,-0.6087959288325948,-0.8525496630747721,-1.767612284896828,0.0,0.4402468599238423,-1.1076881785816912,-1.7595674531000776,0.5434288023859707,0.36410348758156585,-0.4850442069703876,-2.718639221306518,1.0,0.0,0.0,1.0,1.0,0.0,1.0,0.0,0.0,1.0,0.0
-0.7682495342374575,0.5635701658695786,1.8025626846634122,-0.3250717694395153,0.0,0.4402468599238423,1.6594787367176864,-1.7331317973878235,-0.0471500864398625,0.016096711047654363,0.7484457307354901,-0.11200809395388098,0.0,1.0,1.0,0.0,1.0,0.0,0.0,1.0,0.0,0.0,1.0
0.23390381674711117,-0.838878872522411,0.6793637616530056,-0.84026481067427,0.0,0.4402468599238423,-0.36614725933699166,-0.8817571102813364,0.5434288023859707,-1.628913601655754,-0.8601535420804736,-0.738835058269749,0.0,1.0,0.0,1.0,0.0,1.0,1.0,0.0,0.0,1.0,0.0
0.23390381674711117,1.0513785270494012,0.16893020853371007,-0.4968027831844335,0.0,-2.4651457237133414,1.0973799840740828,-1.6242702621614258,-2.409465641743196,0.908242457580669,1.0931236809410096,-0.301774396436202,0.0,1.0,0.0,1.0,1.0,0.0,1.0,0.0,0.0,0.0,1.0
-0.7682495342374575,-0.2311509558858822,1.2596525669398877,0.20729437316973112,0.0,0.4402468599238423,0.5701727638251367,-0.5495963703701424,0.5434288023859707,0.8202310996216627,0.0050188549256133625,0.3897727834059195,0.0,1.0,1.0,0.0,1.0,0.0,1.0,0.0,1.0,0.0,0.0
-0.7682495342374575,2.2388870062965314,-0.8525496630747721,2.2508934367342577,0.0,0.4402468599238423,1.5782888247993487,0.3628802663468127,-0.0471500864398625,0.0074337977476758585,1.7380742193201069,1.6618537733590395,0.0,1.0,0.0,1.0,1.0,0.0,1.0,0.0,0.0,0.0,1.0
-0.7682495342374575,-0.9201802660523815,-0.8525496630747721,-1.0978613312916472,0.0,0.4402468599238423,-1.4013905281894679,1.0194063164680283,0.42531302462080395,0.21856723471849823,-1.012588580630919,-1.135099144965033,0.0,1.0,0.0,1.0,1.0,0.0,1.0,0.0,0.0,0.0,1.0
-0.7682495342374575,-1.0490429747973846,1.0776612520822277,-0.18768695844358074,0.0,0.4402468599238423,-0.31515194276018454,0.07094926900409577,0.5434288023859707,0.6281564094919708,-1.2823553679859077,0.0288352045125543,0.0,1.0,0.0,1.0,1.0,0.0,1.0,0.0,0.0,1.0,0.0
-0.7682495342374575,0.2651940516145872,-0.8525496630747721,-0.05030214744764618,0.0,0.4402468599238423,-0.2833277978287936,0.22799049298946078,0.5434288023859707,0.6364257812965981,0.5020781838119625,0.16120144927122382,0.0,1.0,1.0,0.0,1.0,0.0,1.0,0.0,0.0,0.0,1.0
0.23390381674711117,-0.9222128008906307,-0.8525496630747721,-1.4791041818053656,0.0,0.4402468599238423,-1.4033076453540094,-0.3022789623326771,-0.0471500864398625,-0.6005138040694857,-1.0165601974462735,-2.3429120770674605,0.0,1.0,0.0,1.0,1.0,0.0,0.0,1.0,0.0,1.0,0.0
1.2360571677316798,-0.40188388229882005,-0.7042604435611233,-0.5311489859334172,0.0,0.4402468599238423,-0.8197371804675395,0.5058563415901322,0.5434288023859707,-1.6982537693965754,-0.20109476660903267,-0.34177413781903926,0.0,1.0,0.0,1.0,0.0,1.0,1.0,0.0,0.0,1.0,0.0
0.23390381674711117,2.2388870062965314,-0.8525496630747721,-1.698919879398861,0.0,0.4402468599238423,1.5782888247993487,-2.7994165808359,0.5434288023859707,0.9774060675866278,1.7380742193201069,-2.4928077640820434,1.0,0.0,1.0,0.0,1.0,0.0,1.0,0.0,0.0,0.0,1.0
-0.7682495342374575,-0.2022889611827427,-0.8525496630747721,-1.6302274739008937,0.0,0.4402468599238423,-0.7242647456733667,-1.8725835740050274,0.5434288023859707,0.5083321372247118,0.03776032552974863,-2.288015799381466,1.0,0.0,1.0,0.0,1.0,0.0,1.0,0.0,0.0,1.0,0.0
-0.7682495342374575,-0.811642905689871,0.1431940629982834,-0.9433034189212208,0.0,-0.1408316568035943,-0.6759533931269178,-0.6127881866682968,-0.28338164197019605,0.5239892394764873,-0.8116987302948878,-0.8888881042400811,1.0,0.0,1.0,0.0,1.0,0.0,1.0,0.0,0.0,0.0,1.0
-0.7682495342374575,0.543244817487086,-0.8525496630747721,0.29315988004219024,0.0,0.4402468599238423,-0.021066169719499664,0.2863585617040678,0.5434288023859707,0.7000313403454015,0.7326376090384727,0.4609739873854525,1.0,0.0,1.0,0.0,1.0,0.0,1.0,0.0,0.0,0.0,1.0
-0.7682495342374575,-0.7051380801656097,0.57703194488119,0.0012171566758292808,0.0,0.4402468599238423,-0.3040326632058431,0.3444177078843289,-0.0471500864398625,-0.26964264107949265,-0.6332338771867361,0.20885512123946845,1.0,0.0,0.0,1.0,1.0,0.0,1.0,0.0,0.0,1.0,0.0
-0.7682495342374575,-1.479127346570928,2.5176598713263387,1.3235459625116994,0.0,-0.7219101735310313,0.1802311325573707,1.2797394621642493,-0.8739605307960293,0.7441117656612201,-2.6324094043468946,1.1729831742558727,0.0,1.0,0.0,1.0,1.0,0.0,1.0,0.0,1.0,0.0,0.0
-0.7682495342374575,-0.8795295692873962,-0.8525496630747721,-1.4413233587814835,0.0,0.4402468599238423,-1.3630481848986353,-0.27370356323540895,0.5434288023859707,0.24001420940878404,-0.9348469141573053,-1.8069159219791608,0.0,1.0,1.0,0.0,1.0,0.0,1.0,0.0,0.0,1.0,0.0
-0.7682495342374575,-0.9340015029524764,0.69835948811963,-0.05030214744764618,0.0,0.4402468599238423,-0.44398221621738154,0.5340171896565409,0.5434288023859707,0.5932839590189153,-1.0397602880359613,0.16120144927122382,0.0,1.0,1.0,0.0,1.0,0.0,1.0,0.0,0.0,1.0,0.0
2.238210518716248,2.2388870062965314,-0.8525496630747721,2.2508934367342577,0.0,-2.4651457237133414,1.5782888247993487,0.3628802663468127,-2.409465641743196,0.9774060675866278,1.7380742193201069,1.6618537733590395,0.0,1.0,0.0,1.0,1.0,0.0,1.0,0.0,0.0,1.0,0.0
-0.7682495342374575,-0.7193658240333546,0.8582912496612101,0.2759867786676984,0.0,0.4402468599238423,-0.14146112765271354,0.4625081745442579,-0.0471500864398625,-2.0547594515837604,-0.656129066494537,0.44691690972280923,0.0,1.0,0.0,1.0,0.0,1.0,1.0,0.0,1.0,0.0,0.0
-0.7682495342374575,-0.5819664689677045,0.34234280821289453,-0.5311489859334172,0.0,0.4402468599238423,-0.33470653783850907,-0.4350804813404346,0.5434288023859707,0.6230099320580695,-0.4457483960622923,-0.34177413781903926,0.0,1.0,0.0,1.0,1.0,0.0,1.0,0.0,1.0,0.0,0.0
-0.7682495342374575,0.8773935448952644,-0.8525496630747721,0.035563359424812924,0.0,0.4402468599238423,0.294107892131143,-0.4591302136913587,-0.0471500864398625,-0.16048842609791336,0.977212040141509,0.24006025677208417,0.0,1.0,1.0,0.0,1.0,0.0,0.0,1.0,1.0,0.0,0.0
1.2360571677316798,-0.12586565126457053,-0.8525496630747721,-0.05030214744764618,0.0,0.4402468599238423,-0.6521811402866018,1.018215892913776,0.5434288023859707,0.5315256151733393,0.12183277178772839,0.16120144927122382,0.0,1.0,1.0,0.0,1.0,0.0,1.0,0.0,1.0,0.0,0.0
-0.7682495342374575,-1.0490429747973846,1.6493713421906344,0.3618522855401575,0.0,-0.7219101735310313,0.0425821201432822,0.2792084079456679,-0.8739605307960293,-0.20299277491638376,-1.2823553679859077,0.5163209359461156,0.0,1.0,0.0,1.0,1.0,0.0,0.0,1.0,0.0,1.0,0.0
0.23390381674711117,-0.32383454451004845,-0.8525496630747721,-1.3211116491600408,0.0,0.4402468599238423,-0.8389083521129558,-1.1075803029744502,-0.0471500864398625,-2.1357943012128047,-0.10409733325709443,-1.5478020573513864,1.0,0.0,1.0,0.0,0.0,1.0,0.0,1.0,0.0,1.0,0.0
-0.7682495342374575,1.79650579875158,-0.8525496630747721,1.5296231790056012,0.0,0.4402468599238423,1.1610282739368647,0.16096168255299242,0.5434288023859707,0.9179359155490343,1.5225049471217407,1.2913933765365795,0.0,1.0,0.0,1.0,1.0,0.0,1.0,0.0,0.0,1.0,0.0
-0.7682495342374575,-0.690503829330215,2.640825710674452,0.2759867786676984,0.0,0.4402468599238423,1.0011407024140933,-0.848144933206651,0.5434288023859707,0.8932373215870621,-0.6099681130688598,0.44691690972280923,0.0,1.0,1.0,0.0,1.0,0.0,1.0,0.0,0.0,0.0,1.0
1.2360571677316798,-0.794976120016227,-0.13745247641184546,-0.7200531010528272,0.0,0.4402468599238423,-0.8358409646496892,0.15071341072528355,0.5434288023859707,0.4702831045235898,-0.782643847025671,-0.5758030651014024,0.0,1.0,0.0,1.0,1.0,0.0,1.0,0.0,0.0,1.0,0.0
0.23390381674711117,1.1330864275470214,-0.8525496630747721,0.3275060827911739,0.0,0.4402468599238423,0.5352812314304791,-0.4182327633724466,-0.0471500864398625,-0.12340969087497097,1.1452172430076637,0.41860785669153344,1.0,0.0,1.0,0.0,1.0,0.0,0.0,1.0,0.0,1.0,0.0
1.2360571677316798,2.2388870062965314,-0.8525496630747721,2.2508934367342577,0.0,0.4402468599238423,1.5782888247993487,0.3628802663468127,0.5434288023859707,0.9774060675866278,1.7380742193201069,1.6618537733590395,0.0,1.0,0.0,1.0,1.0,0.0,1.0,0.0,0.0,0.0,1.0
-0.7682495342374575,-0.143751957841164,-0.8525496630747721,-0.1533407556945971,0.0,-0.1408316568035943,-0.6690517713345681,0.8681387782151405,-0.0471500864398625,0.5261883741594108,0.10248617317482188,0.06268087469134023,0.0,1.0,0.0,1.0,1.0,0.0,1.0,0.0,0.0,1.0,0.0
-0.7682495342374575,0.5615376310313294,-0.8525496630747721,-0.4109372763119744,0.0,-2.4651457237133414,-0.003812115238625064,-0.6891369475828094,-2.409465641743196,-1.5842486794373556,0.746870808023356,-0.20484571594015916,0.0,1.0,1.0,0.0,0.0,1.0,1.0,0.0,1.0,0.0,0.0
-0.7682495342374575,0.18714471382581557,-0.8525496630747721,-0.25637936394154803,0.0,-2.4651457237133414,-0.3569450969471919,0.03453526238198596,-2.409465641743196,0.6170951702776754,0.43200797874733254,-0.04045950594293011,0.0,1.0,1.0,0.0,1.0,0.0,1.0,0.0,1.0,0.0,0.0
-0.7682495342374575,-1.1425395773568505,0.8877039874159833,-0.4281103776864662,0.0,0.4402468599238423,-0.5222005965306797,0.04729058631640289,0.5434288023859707,0.5709242791878975,-1.5051545396046888,-0.22389280608396395,0.0,1.0,1.0,0.0,1.0,0.0,1.0,0.0,1.0,0.0,0.0
-0.7682495342374575,1.8302458770665178,-0.8525496630747721,1.8043928009974703,0.0,0.4402468599238423,1.1928524188682557,0.37328771927228743,0.5434288023859707,0.9227164176370428,1.5398334610156237,1.439967978117229,0.0,1.0,1.0,0.0,1.0,0.0,1.0,0.0,0.0,0.0,1.0
-0.7682495342374575,0.0066556201892812574,0.42629166388797674,0.131732727121967,0.0,0.4402468599238423,0.2730196033211852,-0.3093107782211208,0.5434288023859707,0.7632493342754615,0.25936257132915935,0.291401926079813,0.0,1.0,1.0,0.0,1.0,0.0,1.0,0.0,0.0,1.0,0.0
-0.7682495342374575,-0.8205860589781677,1.25536320935065,-0.3250717694395153,0.0,-2.4651457237133414,0.011524822077707915,-0.5917186940448601,-2.409465641743196,0.7074237606955422,-0.8274737717653305,-0.11200809395388098,1.0,0.0,0.0,1.0,1.0,0.0,1.0,0.0,0.0,0.0,1.0
0.23390381674711117,0.5249520039428427,2.5942555425627276,2.2508934367342577,0.0,0.4402468599238423,2.1184365859089507,-0.08869113603885488,0.5434288023859707,1.0455766660265478,0.7182972761605224,1.6618537733590395,0.0,1.0,0.0,1.0,1.0,0.0,1.0,0.0,0.0,0.0,1.0
0.23390381674711117,2.2388870062965314,0.5261724191802278,-0.9089572161722372,0.0,0.4402468599238423,2.440991548843079,-2.3811256661198428,-0.0471500864398625,0.09145533667037878,1.7380742193201069,-0.8377247478117471,0.0,1.0,0.0,1.0,1.0,0.0,0.0,1.0,0.0,1.0,0.0
2.238210518716248,-1.726690089869688,2.666638451881115,2.2508934367342577,0.0,-0.7219101735310313,0.039946084042037464,2.780697637896334,-0.8739605307960293,-0.20346178267336043,-4.347716584514175,1.6618537733590395,1.0,0.0,1.0,0.0,1.0,0.0,1.0,0.0,0.0,0.0,1.0
-0.7682495342374575,-0.6693654670124227,-0.44628622283696545,-0.6341875941803681,0.0,0.4402468599238423,-0.9106085340668124,0.5261048048978453,0.5434288023859707,-1.7146514291433779,-0.5768557947483741,-0.4663314677724186,1.0,0.0,0.0,1.0,0.0,1.0,1.0,0.0,0.0,1.0,0.0
-0.7682495342374575,0.9294264367544455,-0.8525496630747721,0.6194488061575348,0.0,0.4402468599238423,0.34318609154340857,0.17175300550221184,-0.0471500864398625,-0.15267338131655284,1.0126223144134354,0.7122894561510263,0.0,1.0,1.0,0.0,1.0,0.0,0.0,1.0,0.0,1.0,0.0
-0.7682495342374575,1.4920320799818407,-0.8525496630747721,0.3618522855401575,0.0,0.4402468599238423,0.8738441226885296,-0.6646167124182902,0.5434288023859707,0.8727081052208358,1.358561761817417,0.5163209359461156,0.0,1.0,0.0,1.0,1.0,0.0,1.0,0.0,0.0,1.0,0.0
-0.7682495342374575,-0.9620504837203162,0.08007922989949896,-0.5998413914313844,0.0,0.4402468599238423,-0.8573126768925553,0.45831065401606164,0.5434288023859707,0.4626340153488433,-1.0961235363097517,-0.42402391063211947,0.0,1.0,0.0,1.0,1.0,0.0,1.0,0.0,0.0,0.0,1.0
1.2360571677316798,0.1538111424785277,0.42384060240841226,0.791179819902453,0.0,0.4402468599238423,0.4102851923023654,0.2815475650802149,0.5434288023859707,0.7903407039228308,0.40127854003599067,0.8338632138774786,0.0,1.0,0.0,1.0,1.0,0.0,1.0,0.0,1.0,0.0,0.0
-0.7682495342374575,-0.8982288897992895,0.57703194488119,0.7224874144044857,0.0,-2.4651457237133414,-0.48615879383729727,1.937703320917672,-2.409465641743196,-1.6455548593307894,-0.9702145396758943,0.7860368701012033,0.0,1.0,0.0,1.0,0.0,1.0,1.0,0.0,0.0,0.0,1.0
1.2360571677316798,-0.4372499884843572,-0.8525496630747721,-0.4968027831844335,0.0,-2.4651457237133414,-0.9458834898943783,0.9371999116246718,-2.409465641743196,0.42984923643911277,-0.24672695460488575,-0.301774396436202,0.0,1.0,1.0,0.0,1.0,0.0,1.0,0.0,1.0,0.0,0.0
1.2360571677316798,-0.019360825740309274,-0.8525496630747721,-0.08464835019662982,0.0,0.4402468599238423,-0.5517242008646207,0.7097841500785647,0.5434288023859707,0.5622310047485515,0.23313463089701,0.12884902548885085,0.0,1.0,0.0,1.0,1.0,0.0,1.0,0.0,0.0,0.0,1.0
-0.7682495342374575,0.0351111079247709,-0.8525496630747721,-0.7715724051763027,0.0,0.4402468599238423,-0.5003454608549053,-0.5822188532048239,0.5434288023859707,0.577268192748733,0.28764190155372527,-0.6442000301173539,0.0,1.0,1.0,0.0,1.0,0.0,1.0,0.0,0.0,1.0,0.0
2.238210518716248,0.017631308315827262,0.3686917191182123,0.15577506904625565,0.0,0.4402468599238423,0.24733023331632747,-0.2604096056039172,0.5434288023859707,-1.5572174946229183,0.27032009758335207,0.34591900232032885,0.0,1.0,1.0,0.0,0.0,1.0,1.0,0.0,0.0,1.0,0.0
-0.7682495342374575,-0.6083894218649449,-0.8525496630747721,-1.115034432666139,0.0,0.4402468599238423,-1.107304755148783,-0.08246221763482886,0.5434288023859707,0.3642694204708476,-0.4844427282293609,-1.164237652662199,0.0,1.0,1.0,0.0,1.0,0.0,1.0,0.0,0.0,0.0,1.0
-0.7682495342374575,-0.9201802660523815,0.28903222103236786,-0.5998413914313844,0.0,-2.4651457237133414,-0.6870726726812593,0.061824911674672606,-2.409465641743196,0.5204267202276638,-1.012588580630919,-0.42402391063211947,1.0,0.0,1.0,0.0,1.0,0.0,1.0,0.0,0.0,0.0,1.0
-0.7682495342374575,-0.6701784809477225,0.48818096624697893,0.24164057591871477,0.0,0.4402468599238423,-0.32665464574743425,0.7625511581649201,0.5434288023859707,0.6251351762882981,-0.5781187605860588,0.4185303846578345,0.0,1.0,0.0,1.0,1.0,0.0,1.0,0.0,1.0,0.0,0.0
-0.7682495342374575,-0.37220887366038086,0.16954297390360118,-0.4968027831844335,0.0,0.4402468599238423,-0.24498545453796117,-0.5093332918620352,0.5434288023859707,-1.6131180888099068,-0.16363135762199377,-0.301774396436202,0.0,1.0,1.0,0.0,0.0,1.0,1.0,0.0,0.0,1.0,0.0
-0.7682495342374575,-0.1474105205500127,-0.8525496630747721,-0.35941797218849897,0.0,0.4402468599238423,-0.6725025822307429,0.4868380457076813,0.5434288023859707,0.525089956993831,0.0985045961846614,-0.14867436221000163,0.0,1.0,0.0,1.0,1.0,0.0,1.0,0.0,0.0,0.0,1.0
-0.7682495342374575,0.5566595474195312,-0.8525496630747721,0.3618522855401575,0.0,0.4402468599238423,-0.008413196433524959,0.3591889224459926,0.5434288023859707,-1.5847707912870104,0.7430856732093377,0.5163209359461156,0.0,1.0,0.0,1.0,0.0,1.0,1.0,0.0,0.0,0.0,1.0
-0.7682495342374575,-0.47302260163754417,-0.8525496630747721,-0.9948227230446963,0.0,0.4402468599238423,-0.9796247519903108,-0.1135584385353958,0.5434288023859707,0.41680142021854283,-0.2940230880445356,-0.9679358357110909,0.0,1.0,1.0,0.0,1.0,0.0,1.0,0.0,0.0,1.0,0.0
-0.7682495342374575,-0.5136732984025294,-0.8525496630747721,-0.7543993038018107,0.0,0.4402468599238423,-1.0179670952811433,0.5573073708994293,0.5434288023859707,-1.735442537826138,-0.34923367118259624,-0.6211639539866046,1.0,0.0,1.0,0.0,0.0,1.0,1.0,0.0,1.0,0.0,0.0
0.23390381674711117,-0.7242439076451528,0.2767769136345456,-0.27355246531603983,0.0,0.4402468599238423,-0.5099310466776134,0.29063412733753924,0.5434288023859707,0.5744951968554415,-0.6640426143058773,-0.058129682621885774,0.0,1.0,0.0,1.0,1.0,0.0,1.0,0.0,0.0,1.0,0.0
-0.7682495342374575,1.3160145629894549,0.2706492599356345,0.7053143130299939,0.0,0.4402468599238423,1.4106369287601839,-0.7633821258738247,0.5434288023859707,0.9543137515465712,1.2569247272557358,0.7739160396098412,0.0,1.0,0.0,1.0,1.0,0.0,1.0,0.0,1.0,0.0,0.0
2.238210518716248,0.9904024819019233,-0.8525496630747721,-0.2392062625670562,0.0,0.4402468599238423,0.40069960647965724,-0.8874136991257209,-0.0471500864398625,-2.0080757542874537,1.0532981526972087,-0.022930128980434047,0.0,1.0,0.0,1.0,0.0,1.0,0.0,1.0,0.0,0.0,1.0
-0.7682495342374575,-0.9270908845024289,1.1904100801421922,0.5679295020340593,0.0,0.4402468599238423,-0.1295750012325555,0.8576537013835728,0.5434288023859707,0.6746415324219022,-1.0261259944277457,0.6744674614858461,0.0,1.0,0.0,1.0,1.0,0.0,1.0,0.0,0.0,1.0,0.0
1.2360571677316798,-0.5949746919324999,-0.42361390415099437,-1.1837268381641064,0.0,0.4402468599238423,-0.8262553788269811,-0.8397268834022276,0.5434288023859707,0.4736622625079253,-0.46469971324764536,-1.2848116715988682,0.0,1.0,0.0,1.0,1.0,0.0,1.0,0.0,0.0,0.0,1.0
-0.7682495342374575,-0.10391427501147851,-0.8525496630747721,-0.3250717694395153,0.0,0.4402468599238423,-0.6314762749095523,0.4571813073585822,0.5434288023859707,-1.667226317700142,0.1453109170131306,-0.11200809395388098,1.0,0.0,1.0,0.0,0.0,1.0,1.0,0.0,0.0,1.0,0.0
-0.7682495342374575,-0.5770883853559063,-0.8525496630747721,-1.011995824419188,0.0,0.4402468599238423,-1.0777811508148418,0.09861758213861835,0.5434288023859707,0.37689145742930436,-0.43868997281223343,-0.9949291212304161,1.0,0.0,1.0,0.0,1.0,0.0,1.0,0.0,0.0,0.0,1.0
-0.7682495342374575,-0.5112342565966302,1.8540349757342653,-0.27355246531603983,0.0,0.4402468599238423,0.6779147484723759,-1.1506705299626212,0.5434288023859707,-1.5165000694224955,-0.3458755318354031,-0.058129682621885774,0.0,1.0,0.0,1.0,0.0,1.0,1.0,0.0,0.0,1.0,0.0
-0.7682495342374575,1.1847128124385526,-0.2336566394847499,0.6194488061575348,0.0,0.4402468599238423,0.9712336746472441,-0.49975915078688987,0.5434288023859707,0.8884857582857677,1.1774125876704942,0.7122894561510263,0.0,1.0,0.0,1.0,1.0,0.0,1.0,0.0,0.0,1.0,0.0
-0.7682495342374575,-0.015702263031460606,0.8981209987041323,-0.4796296818099417,0.0,0.4402468599238423,0.5471673578506372,-1.2747588736747388,0.5434288023859707,0.8160336135367835,0.2368448246623191,-0.28204399360821053,0.0,1.0,0.0,1.0,1.0,0.0,1.0,0.0,0.0,0.0,1.0
2.238210518716248,0.10868886906939412,-0.8525496630747721,-0.18768695844358074,0.0,-0.7219101735310313,-0.43094581949849853,0.28038556598552444,-0.637728975265696,-1.6377677351882804,0.35887570454093826,0.0288352045125543,0.0,1.0,0.0,1.0,0.0,1.0,1.0,0.0,0.0,1.0,0.0
-0.7682495342374575,0.20421800646710936,-0.8525496630747721,-0.18768695844358074,0.0,0.4402468599238423,-0.34084131276504226,0.11530037114601997,-0.0471500864398625,-0.27738312775079094,0.44755756441335826,0.0288352045125543,0.0,1.0,1.0,0.0,1.0,0.0,0.0,1.0,0.0,1.0,0.0
-0.7682495342374575,-1.1640844466422926,0.9453039321857478,-0.7887455065507945,0.0,-2.4651457237133414,-0.5064802357814384,-0.6024057284482699,-2.409465641743196,-1.6484800600035765,-1.560411352034519,-0.6674798787752575,0.0,1.0,0.0,1.0,0.0,1.0,1.0,0.0,0.0,0.0,1.0
-0.7682495342374575,-0.838878872522411,1.2921291315441166,-0.4109372763119744,0.0,0.4402468599238423,0.017276173571332782,-0.7131188254107161,-0.0471500864398625,-0.20751699200838025,-0.8601535420804736,-0.20484571594015916,0.0,1.0,0.0,1.0,1.0,0.0,1.0,0.0,0.0,0.0,1.0
-0.7682495342374575,2.2388870062965314,-0.8525496630747721,-0.9604765202957126,0.0,0.4402468599238423,1.5782888247993487,-2.208204561580002,-0.0471500864398625,0.0074337977476758585,1.7380742193201069,-0.9149230254797984,0.0,1.0,1.0,0.0,1.0,0.0,0.0,1.0,0.0,0.0,1.0
-0.7682495342374575,0.0351111079247709,0.57703194488119,-0.1533407556945971,0.0,0.4402468599238423,0.39418140812021574,-0.7827905043927387,0.5434288023859707,0.78723374459499,0.28764190155372527,0.06268087469134023,0.0,1.0,0.0,1.0,1.0,0.0,1.0,0.0,0.0,0.0,1.0
2.238210518716248,-0.27302117355381694,-0.8525496630747721,-0.9948227230446963,0.0,0.4402468599238423,-0.7909804229994152,-0.5117692131440175,0.5434288023859707,-1.6932707567883771,-0.043502482203217514,-1.1932360492030023,0.0,1.0,0.0,1.0,0.0,1.0,1.0,0.0,0.0,0.0,1.0
0.23390381674711117,-0.882781625028595,0.6027680904166167,-0.1430368948699021,0.0,0.4402468599238423,-0.4554849192046313,0.4078877935913867,0.5434288023859707,-1.6412002242959016,-0.9409508325427159,0.017892912892972134,0.0,1.0,0.0,1.0,0.0,1.0,1.0,0.0,1.0,0.0,0.0
0.23390381674711117,0.3269831106973647,-0.22017580134714546,-1.9393432986417465,0.0,0.4402468599238423,0.17064554673466256,-2.7900294935274457,0.5434288023859707,0.7420944436850463,0.5557787446662137,-3.4117939461007327,0.0,1.0,0.0,1.0,1.0,0.0,1.0,0.0,0.0,1.0,0.0
-0.7682495342374575,-0.46895753196104567,-0.8525496630747721,-1.0806882299171554,0.0,-2.4651457237133414,-0.9757905176612276,-0.321947926213793,-2.409465641743196,0.41830054394574795,-0.2885890173429067,-1.1063415437131179,1.0,0.0,1.0,0.0,1.0,0.0,1.0,0.0,0.0,0.0,1.0
2.238210518716248,-0.6978209547479124,0.16709191242403673,-1.1837268381641064,0.0,-2.4651457237133414,-0.5536413180291624,-1.226622862280772,-2.409465641743196,-1.6553968889303097,-0.6215654806810289,-1.2848116715988682,0.0,1.0,0.0,1.0,0.0,1.0,1.0,0.0,0.0,0.0,1.0
-0.7682495342374575,-0.8766840205138473,-0.8525496630747721,-1.4241502574069917,0.0,0.4402468599238423,-1.3603642208682771,-0.2265226586029174,0.5434288023859707,0.24148322492171,-0.9295219806550439,-1.7679781768366207,1.0,0.0,1.0,0.0,1.0,0.0,1.0,0.0,1.0,0.0,0.0
-0.7682495342374575,-1.0770919555652243,0.3294747354451812,-1.115034432666139,0.0,0.4402468599238423,-0.8097681712119231,-0.7252434471090756,0.5434288023859707,0.47942407270587667,-1.3465027735419601,-1.164237652662199,0.0,1.0,1.0,0.0,1.0,0.0,1.0,0.0,0.0,0.0,1.0
1.2360571677316798,1.186745347276802,-0.8525496630747721,0.8255260226514366,0.0,0.4402468599238423,0.5858931245743779,0.09915746855911663,0.5434288023859707,0.8230802226584089,1.1786690566841673,0.8573920495956948,0.0,1.0,0.0,1.0,1.0,0.0,1.0,0.0,0.0,0.0,1.0
1.2360571677316798,-0.4319653979049091,0.12174727505209453,-0.10182145157112164,0.0,0.4402468599238423,-0.3312557269423342,0.24406649581664774,0.5434288023859707,-1.6242667390653025,-0.2398385058120803,0.06480025806567533,0.0,1.0,0.0,1.0,0.0,1.0,1.0,0.0,1.0,0.0,0.0
-0.7682495342374575,-0.6344058677945354,-0.0559546822163277,-1.011995824419188,0.0,0.4402468599238423,-0.6333933920740938,-0.8087917381033631,0.5434288023859707,0.5374062630479411,-0.5233253818043752,-0.9949291212304161,0.0,1.0,0.0,1.0,1.0,0.0,1.0,0.0,0.0,0.0,1.0
0.23390381674711117,-0.5067626799524819,0.2197897342346723,0.8083529212769448,0.0,0.4402468599238423,-0.34045788933213395,1.6842600403855785,0.5434288023859707,0.6214866218744681,-0.33973427439759896,0.8456590875492352,0.0,1.0,0.0,1.0,1.0,0.0,1.0,0.0,0.0,0.0,1.0
-0.7682495342374575,-0.4335914257755085,0.4691852397803545,-0.3422448708140071,0.0,-2.4651457237133414,-0.11538833421494749,-0.4574134197847861,-2.409465641743196,0.6780315763596665,-0.24195537702584147,-0.13026483913892561,0.0,1.0,0.0,1.0,1.0,0.0,1.0,0.0,1.0,0.0,0.0
-0.7682495342374575,0.4818622653719583,-0.8525496630747721,0.36872152608995434,0.0,0.4402468599238423,-0.07896310808865666,0.5089430478127425,0.5434288023859707,0.6866369008782209,0.684085024783771,0.4448463454140738,0.0,1.0,1.0,0.0,1.0,0.0,1.0,0.0,0.0,0.0,1.0
-0.7682495342374575,-0.38846915236637497,0.7216445721754923,0.5851026034085511,0.0,0.4402468599238423,0.08514212119610622,0.5046622837187071,0.5434288023859707,0.7237488752235538,-0.18406795901311956,0.6871471805592052,0.0,1.0,0.0,1.0,1.0,0.0,1.0,0.0,0.0,0.0,1.0
-0.7682495342374575,2.1692726880864943,-0.8525496630747721,1.2891997597627158,0.0,0.4402468599238423,1.512627561913798,-0.3566882330374371,0.5434288023859707,0.9684823825585976,1.7057273659674552,1.1526133512318213,1.0,0.0,1.0,0.0,1.0,0.0,1.0,0.0,0.0,1.0,0.0
-0.7682495342374575,-0.6413164862445829,-0.8525496630747721,-0.3250717694395153,0.0,0.4402468599238423,-1.1383620532143572,2.0873321660273843,0.5434288023859707,0.3506561938713746,-0.53378837894276,-0.11200809395388098,1.0,0.0,1.0,0.0,1.0,0.0,1.0,0.0,0.0,1.0,0.0
2.238210518716248,1.9676452321321676,-0.8525496630747721,2.2508934367342577,0.0,0.4402468599238423,1.3224495391912692,0.6234806342293088,0.5434288023859707,0.9417470139119004,1.608816163226956,1.6618537733590395,0.0,1.0,0.0,1.0,1.0,0.0,1.0,0.0,1.0,0.0,0.0
-0.7682495342374575,-0.5096082287260308,-0.8525496630747721,-0.8746110134232535,0.0,0.4402468599238423,-1.0141328609520601,0.25883681839774697,0.5434288023859707,0.40311334394760173,-0.34364005619449456,-0.7877242962177085,1.0,0.0,1.0,0.0,1.0,0.0,1.0,0.0,0.0,0.0,1.0
-0.7682495342374575,0.43999204770402356,-0.8525496630747721,1.9932969161168803,0.0,0.4402468599238423,-0.11845572167821408,2.856319188470579,0.30719724685563715,-0.23265070082353112,0.6502419444339502,1.5365870062559357,0.0,1.0,0.0,1.0,1.0,0.0,1.0,0.0,0.0,0.0,1.0
-0.7682495342374575,-1.152702251548097,-0.037571721119594365,-0.6685337969293517,0.0,-2.4651457237133414,-1.1107555660449577,1.077951849962822,-2.409465641743196,0.36277413518795865,-1.5310195023849362,-0.5094686375063348,0.0,1.0,0.0,1.0,1.0,0.0,1.0,0.0,0.0,0.0,1.0
-0.7682495342374575,2.2388870062965314,0.4342576136965612,2.2508934367342577,0.0,0.4402468599238423,2.38347803390683,-0.2723536299755188,0.5434288023859707,1.0760477772850214,1.7380742193201069,1.6618537733590395,0.0,1.0,0.0,1.0,1.0,0.0,1.0,0.0,1.0,0.0,0.0
-0.7682495342374575,-0.02586493722270691,-0.8525496630747721,-1.1322075340406308,0.0,0.4402468599238423,-0.557858975791154,-1.1303549422331758,0.5434288023859707,0.5604064251859017,0.22652083767617204,-1.1937672929355645,0.0,1.0,0.0,1.0,1.0,0.0,1.0,0.0,0.0,1.0,0.0
1.2360571677316798,-1.3677444374348686,-0.18708647137302548,-2.093901211012173,0.0,0.4402468599238423,-1.4071418796830926,-2.352897304133568,0.5434288023859707,0.21527335039013445,-2.1814590104601335,-4.303786842600097,0.0,1.0,0.0,1.0,1.0,0.0,1.0,0.0,0.0,0.0,1.0
1.2360571677316798,-1.070181337115177,0.14748342058752117,-0.44528347906095805,0.0,0.4402468599238423,-0.917126732426254,0.9639697726399197,0.5434288023859707,0.4407194520113091,-1.3304966866920027,-0.24310624846566847,1.0,0.0,0.0,1.0,1.0,0.0,1.0,0.0,0.0,1.0,0.0
2.238210518716248,2.2388870062965314,-0.8525496630747721,2.2508934367342577,0.0,0.4402468599238423,1.5782888247993487,0.3628802663468127,0.5434288023859707,0.9774060675866278,1.7380742193201069,1.6618537733590395,0.0,1.0,0.0,1.0,1.0,0.0,1.0,0.0,0.0,0.0,1.0
0.23390381674711117,0.11437996661649205,-0.8525496630747721,-0.24264088284195462,0.0,-2.4651457237133414,-0.42557789143778196,0.18464412877962522,-2.409465641743196,0.5984096469960967,0.3642761079441564,-0.061737479348550194,0.0,1.0,0.0,1.0,1.0,0.0,1.0,0.0,1.0,0.0,0.0
-0.7682495342374575,-0.7900980364044288,-0.8525496630747721,-1.011995824419188,0.0,-2.4651457237133414,-1.278695029658804,0.7626202973146861,-2.409465641743196,-1.794064500809837,-0.774223131012701,-0.9949291212304161,1.0,0.0,1.0,0.0,0.0,1.0,1.0,0.0,0.0,0.0,1.0
0.23390381674711117,-0.37139585972508116,-0.8525496630747721,-0.39376417493748256,0.0,0.4402468599238423,-0.8837688937632298,0.9757844404386702,0.5434288023859707,0.4530535421540954,-0.16261525951984315,-0.18596212214877875,0.0,1.0,0.0,1.0,1.0,0.0,1.0,0.0,0.0,1.0,0.0
1.2360571677316798,0.46966705634246275,2.211277186380783,-0.3250717694395153,0.0,0.4402468599238423,1.8266513534657158,-1.798259779023699,0.5434288023859707,1.0098523851782573,0.6742897132507291,-0.11200809395388098,0.0,1.0,0.0,1.0,1.0,0.0,1.0,0.0,1.0,0.0,0.0
0.23390381674711117,2.2388870062965314,-0.8525496630747721,2.2508934367342577,0.0,0.4402468599238423,1.5782888247993487,0.3628802663468127,0.5434288023859707,0.9774060675866278,1.7380742193201069,1.6618537733590395,0.0,1.0,0.0,1.0,1.0,0.0,1.0,0.0,0.0,0.0,1.0
0.23390381674711117,-0.4339979327431584,-0.8525496630747721,-0.6685337969293517,0.0,-0.7219101735310313,-0.9428161024311117,0.5388437327137804,-0.7558447530308628,-1.7207178930108151,-0.24248496254596585,-0.5094686375063348,0.0,1.0,1.0,0.0,0.0,1.0,1.0,0.0,0.0,0.0,1.0
0.23390381674711117,-1.0998563457536161,0.6401467779799745,-0.13616765432010527,0.0,0.4402468599238423,-0.6368442029702688,0.8193532879449266,0.5434288023859707,-1.6680621082631109,-1.4002004891827862,0.07941042427943844,0.0,1.0,0.0,1.0,0.0,1.0,1.0,0.0,1.0,0.0,0.0
-0.7682495342374575,2.2388870062965314,-0.8525496630747721,1.6326617872525522,0.0,0.4402468599238423,1.5782888247993487,-0.13208793582091652,0.5434288023859707,0.9774060675866278,1.7380742193201069,1.348291164443374,0.0,1.0,0.0,1.0,1.0,0.0,1.0,0.0,0.0,1.0,0.0
-0.7682495342374575,0.4245447829333292,2.5942555425627276,0.8255260226514366,0.0,0.4402468599238423,2.0237309979805946,-1.0418360195530696,0.5434288023859707,1.0342455417408651,0.6376027591011911,0.8573920495956948,0.0,1.0,0.0,1.0,1.0,0.0,1.0,0.0,0.0,1.0,0.0
1.2360571677316798,1.3562587527867902,-0.8525496630747721,1.0487763405198303,0.0,0.4402468599238423,0.7457806960971493,0.14666805955063533,0.5434288023859707,0.8512129612052473,1.2806454896627684,1.0044855256821663,0.0,1.0,0.0,1.0,1.0,0.0,1.0,0.0,0.0,1.0,0.0
-0.7682495342374575,-0.992945013261705,-0.8525496630747721,-1.3554578519090246,0.0,-2.4651457237133414,-1.4700233226800579,0.4272016292522722,-2.409465641743196,0.17784558157329877,-1.1601977060569948,-1.6187735401205559,0.0,1.0,0.0,1.0,1.0,0.0,1.0,0.0,0.0,0.0,1.0
-0.7682495342374575,0.33511325005036174,-0.8525496630747721,-0.2392062625670562,0.0,0.4402468599238423,-0.2173789673685618,-0.16438733879303397,0.5434288023859707,0.653158991062681,0.5627332473560551,-0.022930128980434047,0.0,1.0,0.0,1.0,1.0,0.0,1.0,0.0,1.0,0.0,0.0
-0.7682495342374575,2.2388870062965314,-0.8525496630747721,2.2508934367342577,0.0,0.4402468599238423,1.5782888247993487,0.3628802663468127,0.18908146909047105,0.0074337977476758585,1.7380742193201069,1.6618537733590395,0.0,1.0,1.0,0.0,1.0,0.0,0.0,1.0,0.0,0.0,1.0
1.2360571677316798,2.2388870062965314,-0.16257585657738102,1.4781038748821258,0.0,0.4402468599238423,2.0100236102541222,-0.5641377971083527,0.5434288023859707,1.0325850842317843,1.7380742193201069,1.2623829539123186,0.0,1.0,0.0,1.0,1.0,0.0,1.0,0.0,0.0,0.0,1.0
-0.7682495342374575,-0.8482285327783576,1.4453204740168943,0.22446747454422294,0.0,0.4402468599238423,0.10431329284152244,0.01007462856591168,-0.0471500864398625,-0.19215643224193296,-0.8770755415770045,0.40419857391096675,0.0,1.0,0.0,1.0,1.0,0.0,0.0,1.0,1.0,0.0,0.0
-0.7682495342374575,0.33999133366215994,-0.8525496630747721,-0.5826682900568926,0.0,-2.4651457237133414,-0.2127778861736619,-0.6798225286555671,-2.409465641743196,-0.2510456306670021,0.5668937961899715,-0.40317138323552315,1.0,0.0,0.0,1.0,1.0,0.0,0.0,1.0,1.0,0.0,0.0
-0.7682495342374575,0.11641250145474132,-0.8525496630747721,-0.2392062625670562,0.0,0.4402468599238423,-0.42366077427324034,0.18170975758780783,0.5434288023859707,0.5989407094060694,0.36620111962291174,-0.022930128980434047,0.0,1.0,1.0,0.0,1.0,0.0,1.0,0.0,0.0,0.0,1.0
-0.7682495342374575,-0.7722117298278353,0.04147501159635897,-0.4968027831844335,0.0,0.4402468599238423,-0.7024096099975923,0.2927919955320463,-0.0471500864398625,-0.36211270606424506,-0.7436617423937665,-0.301774396436202,1.0,0.0,1.0,0.0,1.0,0.0,1.0,0.0,0.0,0.0,1.0
-0.7682495342374575,0.09080256249280064,-0.8525496630747721,-0.10182145157112164,0.0,0.4402468599238423,-0.4478164505464648,0.4561234962278622,0.5434288023859707,-1.6401227475457614,0.34180265923917336,0.11249262918280196,0.0,1.0,0.0,1.0,0.0,1.0,1.0,0.0,1.0,0.0,0.0
-0.7682495342374575,2.2388870062965314,2.3742727747718186,2.2508934367342577,0.0,0.4402468599238423,3.597396622494586,-0.9033752447774699,0.5434288023859707,1.1966752223341555,1.7380742193201069,1.6618537733590395,0.0,1.0,0.0,1.0,1.0,0.0,1.0,0.0,1.0,0.0,0.0
1.2360571677316798,2.2388870062965314,-0.8525496630747721,-1.1837268381641064,0.0,0.4402468599238423,1.5782888247993487,-2.386943079029459,0.5434288023859707,0.9774060675866278,1.7380742193201069,-1.2848116715988682,1.0,0.0,0.0,1.0,1.0,0.0,1.0,0.0,0.0,0.0,1.0
0.23390381674711117,-0.11367044223507496,0.24613864513999006,-0.37659107356299076,0.0,0.4402468599238423,0.046799777905273766,-0.7006994828138395,0.5434288023859707,0.7153095092173698,0.13491188880420785,-0.16723924174235907,0.0,1.0,1.0,0.0,1.0,0.0,1.0,0.0,0.0,0.0,1.0
2.238210518716248,-0.4640794483492474,-0.8525496630747721,-0.9948227230446963,0.0,0.4402468599238423,-0.9711894364663277,-0.133765109511912,0.5434288023859707,-1.7261807075875144,-0.2820885257488727,-0.9679358357110909,0.0,1.0,0.0,1.0,0.0,1.0,1.0,0.0,1.0,0.0,0.0
-0.7682495342374575,-0.9474162328849216,0.6285042359520434,-0.05030214744764618,0.0,0.4402468599238423,-0.5003454608549053,0.6541728559618345,0.5434288023859707,0.577268192748733,-1.0665086825552668,0.16120144927122382,0.0,1.0,0.0,1.0,1.0,0.0,1.0,0.0,0.0,0.0,1.0
-0.7682495342374575,-0.9291234193406782,-0.8525496630747721,-2.231286022008107,0.0,0.4402468599238423,-1.409825843713451,-2.8202786548606418,0.5434288023859707,0.2137291113119847,-1.0301259620872285,-5.596873520751145,1.0,0.0,1.0,0.0,1.0,0.0,1.0,0.0,0.0,0.0,1.0
-0.7682495342374575,-1.0827830531123224,-0.8525496630747721,-1.3588924721839228,0.0,0.4402468599238423,-1.5547599013527975,0.5350062637441588,0.5434288023859707,-1.8748355481419656,-1.3597859820065936,-1.6437771113271806,0.0,1.0,1.0,0.0,0.0,1.0,1.0,0.0,0.0,0.0,1.0
-0.7682495342374575,-0.44375409996675486,1.6683670686572587,0.22446747454422294,0.0,-2.4651457237133414,0.6253857381639354,-0.583850249650601,-2.409465641743196,-1.5211424544660093,-0.2552393793615896,0.40419857391096675,0.0,1.0,0.0,1.0,0.0,1.0,1.0,0.0,1.0,0.0,0.0
-0.7682495342374575,-0.8120494126575208,1.7823414274570055,-0.3078986680650235,0.0,0.4402468599238423,0.34932086646994176,-0.9203596096603598,0.5434288023859707,0.778480526356355,-0.8124129510704032,-0.09390161174960356,0.0,1.0,0.0,1.0,1.0,0.0,1.0,0.0,1.0,0.0,0.0
-0.7682495342374575,2.2388870062965314,-0.8525496630747721,2.2508934367342577,0.0,0.4402468599238423,1.5782888247993487,0.3628802663468127,-0.0471500864398625,0.0074337977476758585,1.7380742193201069,1.6618537733590395,0.0,1.0,1.0,0.0,1.0,0.0,1.0,0.0,0.0,1.0,0.0
-0.7682495342374575,0.007875141092230814,0.3208960202667056,0.791179819902453,0.0,0.4402468599238423,0.20822104315967838,0.5715156641104392,0.5434288023859707,0.7499584159443249,0.2605831910589262,0.8338632138774786,0.0,1.0,1.0,0.0,1.0,0.0,1.0,0.0,0.0,1.0,0.0
-0.7682495342374575,0.30625125534722225,-0.8525496630747721,0.49923709653609205,0.0,0.4402468599238423,-0.24460203110505283,0.9873459632677263,0.5434288023859707,0.6463161215100407,0.5379289991967677,0.6230048769328586,0.0,1.0,1.0,0.0,1.0,0.0,1.0,0.0,0.0,0.0,1.0
1.2360571677316798,1.2208919325593894,-0.8525496630747721,0.791179819902453,0.0,-0.1408316568035943,0.6181006929386772,0.024901318637162734,-0.28338164197019605,-1.521792813379911,1.199654772053282,0.8338632138774786,0.0,1.0,0.0,1.0,0.0,1.0,1.0,0.0,1.0,0.0,0.0
-0.7682495342374575,0.5822694863814718,-0.8525496630747721,1.357892165260683,0.0,-2.4651457237133414,0.015742479839699484,1.6513339661383981,-2.409465641743196,-1.5820412042535652,0.762874258576664,1.1931661155358855,0.0,1.0,0.0,1.0,0.0,1.0,1.0,0.0,1.0,0.0,0.0
-0.7682495342374575,-1.1205882011037585,0.5966404367177056,-0.3250717694395153,0.0,0.4402468599238423,-0.6836218617850843,0.5783356503936122,0.5434288023859707,-1.6754601828157636,-1.4504565082141816,-0.11200809395388098,1.0,0.0,1.0,0.0,0.0,1.0,1.0,0.0,0.0,0.0,1.0
-0.7682495342374575,-0.8689603881285001,0.24001099144107896,0.1042557649227802,0.0,0.4402468599238423,-0.6694351947674764,1.3558671562669755,0.5434288023859707,0.5260664411064487,-0.9151431660158623,0.30117321903652094,0.0,1.0,1.0,0.0,1.0,0.0,1.0,0.0,1.0,0.0,0.0
-0.7682495342374575,1.8961000058257937,-0.8525496630747721,0.8426991240259285,0.0,0.4402468599238423,1.254967014999404,-0.5309036967432312,0.5434288023859707,0.9319236137691227,1.57320799430966,0.8690627675189304,0.0,1.0,0.0,1.0,1.0,0.0,1.0,0.0,1.0,0.0,0.0
0.23390381674711117,1.2696727686773717,-0.8525496630747721,1.7357003954995032,0.0,0.4402468599238423,0.6641115048876761,0.9606172901510615,-0.0471500864398625,-0.10486610283304844,1.229238967376567,1.4037544004112437,0.0,1.0,0.0,1.0,1.0,0.0,0.0,1.0,0.0,0.0,1.0
-0.7682495342374575,-0.6628613555300251,0.04147501159635897,-0.7543993038018107,0.0,0.4402468599238423,-0.599268706545253,-0.3921927345813535,0.5434288023859707,0.5479220067816906,-0.5667820956862901,-0.6211639539866046,0.0,1.0,0.0,1.0,1.0,0.0,1.0,0.0,0.0,0.0,1.0
-0.7682495342374575,-0.9799367902969097,0.3932023339138567,-0.4968027831844335,0.0,0.4402468599238423,-0.6782539337243678,0.2392681059908936,0.5434288023859707,-1.6746005682742908,-1.1329560065910929,-0.301774396436202,0.0,1.0,0.0,1.0,0.0,1.0,1.0,0.0,1.0,0.0,0.0
-0.7682495342374575,-0.8864401877374437,0.6585297390767079,-0.84026481067427,0.0,-2.4651457237133414,-0.4240441977061487,-0.8064821112744472,-2.409465641743196,0.5988345398425462,-0.9478411977255062,-0.738835058269749,0.0,1.0,0.0,1.0,1.0,0.0,1.0,0.0,1.0,0.0,0.0
0.23390381674711117,0.543244817487086,-0.8525496630747721,0.3618522855401575,0.0,0.4402468599238423,-0.021066169719499664,0.3795826594377914,0.42531302462080395,0.7000313403454015,0.7326376090384727,0.5163209359461156,0.0,1.0,0.0,1.0,1.0,0.0,1.0,0.0,1.0,0.0,0.0
-0.7682495342374575,0.6582862893319942,1.8534222103643743,1.2033342528902566,0.0,-2.4651457237133414,1.780640541516717,-0.6175470818149911,-2.409465641743196,1.0039906988941296,0.8204296230189269,1.100848017738833,0.0,1.0,1.0,0.0,1.0,0.0,1.0,0.0,1.0,0.0,0.0
-0.7682495342374575,-0.2726146665861671,1.1536441579487255,1.168988050141273,0.0,0.4402468599238423,0.46473131977534743,0.6339575906748269,0.5434288023859707,0.8007112118181593,-0.04302541098590723,1.0797959415943972,0.0,1.0,0.0,1.0,1.0,0.0,1.0,0.0,0.0,1.0,0.0
-0.7682495342374575,-1.3096139410609398,-0.8525496630747721,-1.78478538627132,0.0,0.4402468599238423,-1.7687101769156426,0.042913165803094816,0.5434288023859707,-1.960749614985407,-1.982633989838652,-2.7789149142291447,0.0,1.0,1.0,0.0,0.0,1.0,1.0,0.0,0.0,0.0,1.0
-0.7682495342374575,-0.19334580789444597,-0.8525496630747721,-0.4109372763119744,0.0,0.4402468599238423,-0.7158294301493836,0.49015970303159423,0.5434288023859707,-1.6806777689352044,0.04779243241530541,-0.20484571594015916,0.0,1.0,0.0,1.0,0.0,1.0,1.0,0.0,0.0,1.0,0.0
0.23390381674711117,-0.4112335425547667,-0.8525496630747721,-0.7543993038018107,0.0,0.4402468599238423,-0.9213443901882455,0.2878068145226797,-0.0471500864398625,-0.4231797332808019,-0.2130525708026433,-0.6211639539866046,1.0,0.0,1.0,0.0,1.0,0.0,1.0,0.0,0.0,1.0,0.0
0.23390381674711117,-0.8067648220780728,-0.05472915147654547,-0.7715724051763027,0.0,0.4402468599238423,-0.7951980807614067,-0.04782711963697649,0.5434288023859707,-1.693995712313546,-0.803148900405095,-0.6442000301173539,0.0,1.0,1.0,0.0,0.0,1.0,1.0,0.0,0.0,1.0,0.0
-0.7682495342374575,0.46804102847186335,1.393848182946041,2.2508934367342577,0.0,0.4402468599238423,1.3136308002343777,0.6331174010860092,0.5434288023859707,0.940473655126535,0.6729798583374081,1.6618537733590395,0.0,1.0,1.0,0.0,1.0,0.0,1.0,0.0,1.0,0.0,0.0
0.23390381674711117,-0.5437548140086185,-0.2930948803641877,-0.5826682900568926,0.0,0.4402468599238423,-0.696274835071059,0.11411934575558749,0.5434288023859707,0.517460057097706,-0.3911448762522223,-0.40317138323552315,1.0,0.0,0.0,1.0,1.0,0.0,1.0,0.0,0.0,1.0,0.0
0.23390381674711117,-1.0104248128706486,-0.8525496630747721,-1.2524192436620736,0.0,-2.4651457237133414,-1.4865105302951158,0.8868389764547232,-2.409465641743196,-0.6404313393925724,-1.1974281148536237,-1.4123792991881503,0.0,1.0,0.0,1.0,1.0,0.0,0.0,1.0,1.0,0.0,0.0
0.23390381674711117,2.101386024488969,0.2706492599356345,0.7396605157789775,0.0,0.4402468599238423,2.1514110011390666,-1.1676361245358702,-0.0471500864398625,0.065081161187406,1.6736453665738633,0.7980912847497609,0.0,1.0,0.0,1.0,1.0,0.0,0.0,1.0,0.0,0.0,1.0
0.23390381674711117,2.2388870062965314,-0.8525496630747721,2.2508934367342577,0.0,0.4402468599238423,1.5782888247993487,0.3628802663468127,-0.0471500864398625,0.0074337977476758585,1.7380742193201069,1.6618537733590395,1.0,0.0,0.0,1.0,1.0,0.0,0.0,1.0,0.0,1.0,0.0
-0.7682495342374575,-0.8592042209049037,0.39871722224287676,-0.2220331611925644,0.0,0.4402468599238423,-0.5609263632544205,0.48739014803188513,-0.0471500864398625,-2.099676467103758,-0.8971342042293442,-0.005539325616865033,0.0,1.0,1.0,0.0,0.0,1.0,1.0,0.0,1.0,0.0,0.0
1.2360571677316798,-0.646601076824031,2.666638451881115,1.0487763405198303,0.0,0.4402468599238423,1.0587021452794556,-0.1769309869281776,0.5434288023859707,0.9022633954224742,-0.5418284462728301,1.0044855256821663,0.0,1.0,0.0,1.0,1.0,0.0,1.0,0.0,0.0,0.0,1.0
1.2360571677316798,-1.0998563457536161,0.03963671548668563,-1.3554578519090246,0.0,0.4402468599238423,-1.0125991672204266,-0.8921141466897388,0.5434288023859707,-1.734362974407414,-1.4002004891827862,-1.6187735401205559,0.0,1.0,0.0,1.0,0.0,1.0,1.0,0.0,0.0,0.0,1.0
1.2360571677316798,-0.8795295692873962,1.9661710384243387,0.6366219075320266,0.0,0.4402468599238423,0.40069960647965724,0.11706906159473576,-0.0471500864398625,-0.14369622696677492,-0.9348469141573053,0.7247536547570034,0.0,1.0,0.0,1.0,1.0,0.0,0.0,1.0,1.0,0.0,0.0
-0.7682495342374575,-0.7909110503397285,-0.8525496630747721,-1.1837268381641064,0.0,0.4402468599238423,-1.2794618765246206,0.2512666661430286,0.5434288023859707,0.2839398149545507,-0.7756240015878592,-1.2848116715988682,0.0,1.0,1.0,0.0,1.0,0.0,1.0,0.0,0.0,1.0,0.0
1.2360571677316798,-1.245385840172263,2.666638451881115,1.7185272941250114,0.0,0.4402468599238423,0.49391942860549365,1.202067585365957,-0.0471500864398625,-0.12954094885823045,-1.784677468446542,1.3946070892320268,0.0,1.0,0.0,1.0,1.0,0.0,0.0,1.0,0.0,0.0,1.0
1.2360571677316798,-1.0856286018858712,0.1431940629982834,-0.44528347906095805,0.0,0.4402468599238423,-0.9343807869071286,1.0176035930363825,0.5434288023859707,-1.7191154721238793,-1.3664624780881431,-0.24310624846566847,0.0,1.0,0.0,1.0,0.0,1.0,1.0,0.0,0.0,1.0,0.0
1.2360571677316798,-0.957172400108518,-0.08352912386142769,-0.2392062625670562,0.0,-2.4651457237133414,-0.9550856522841781,1.5545266261414017,-2.409465641743196,-1.7230662690844833,-1.0862006810848543,-0.022930128980434047,0.0,1.0,0.0,1.0,0.0,1.0,1.0,0.0,1.0,0.0,0.0
1.2360571677316798,-0.5612346136175621,0.39442786465363894,0.15577506904625565,0.0,0.4402468599238423,-0.28256095096297695,0.5421771235618288,0.5434288023859707,0.6366234467454988,-0.415929042899355,0.34591900232032885,0.0,1.0,0.0,1.0,1.0,0.0,1.0,0.0,0.0,0.0,1.0
-0.7682495342374575,0.8611332661892703,-0.8525496630747721,0.3034637408668852,0.0,-0.1408316568035943,0.27877095481481007,-0.13763891253038554,-0.28338164197019605,-0.16296071861194525,0.9660099858409242,0.43934341777286734,0.0,1.0,1.0,0.0,1.0,0.0,1.0,0.0,0.0,0.0,1.0
0.23390381674711117,-1.17140157205999,0.5151426425221879,-0.548322087307909,0.0,0.4402468599238423,-0.782545107475432,0.3778818711042933,0.5434288023859707,0.4888016457496491,-1.5795484047544015,-0.36205008935882815,0.0,1.0,0.0,1.0,1.0,0.0,1.0,0.0,1.0,0.0,0.0
1.2360571677316798,1.491625573014191,-0.8525496630747721,1.838739003746454,0.0,0.4402468599238423,0.8734606992556213,0.7789395259173372,0.5434288023859707,0.8726450429587849,1.3583331717521874,1.4578536471153332,0.0,1.0,0.0,1.0,1.0,0.0,1.0,0.0,0.0,1.0,0.0
-0.1669575236467163,-0.7441627490599955,-0.8525496630747721,-1.1665537367896144,0.0,0.4402468599238423,-1.2353681817401632,0.15450764789277735,0.5434288023859707,0.3057124682389827,-0.6967018051323094,-1.2540429858581925,0.0,1.0,1.0,0.0,1.0,0.0,1.0,0.0,0.0,0.0,1.0
0.03347314655019749,2.188378515566037,-0.8525496630747721,0.5610602614842625,0.0,0.4402468599238423,1.5306484632604895,-0.9726580796049599,0.5434288023859707,0.9709466340530736,1.7146598620680558,0.4993745935353241,1.0,0.0,0.0,1.0,1.0,0.0,1.0,0.0,0.0,1.0,0.0
-0.7682495342374575,-0.29944412645105734,-0.36233736716188325,-0.46245658043544985,0.0,0.4402468599238423,-0.5091641998117967,-0.03629776979226325,0.5434288023859707,0.5747175757131842,-0.07477119399782861,-0.26248897445863373,0.0,1.0,0.0,1.0,1.0,0.0,1.0,0.0,0.0,1.0,0.0
1.2360571677316798,-0.37139585972508116,0.42384060240841226,-0.3250717694395153,0.0,0.4402468599238423,-0.08509788301518985,-0.4726012850496069,-0.0471500864398625,-0.22633312535072453,-0.16261525951984315,-0.11200809395388098,1.0,0.0,1.0,0.0,1.0,0.0,1.0,0.0,0.0,1.0,0.0
0.23390381674711117,2.2388870062965314,2.666638451881115,2.2508934367342577,0.0,0.4402468599238423,3.78033752792097,-0.976703747260095,0.5434288023859707,1.212672903286517,1.7380742193201069,1.6618537733590395,0.0,1.0,0.0,1.0,1.0,0.0,1.0,0.0,0.0,1.0,0.0
-0.7682495342374575,-0.5917226361913009,1.0261889610113746,0.5679295020340593,0.0,0.4402468599238423,0.08399185089738125,0.48421649534832767,0.5434288023859707,0.7234976560253827,-0.459944181551997,0.6744674614858461,0.0,1.0,0.0,1.0,1.0,0.0,1.0,0.0,0.0,0.0,1.0
-0.7682495342374575,-1.1128645687184113,0.2816790365936745,-1.5271888656539427,0.0,0.4402468599238423,-0.8734164610747049,-1.4984091399982522,0.5434288023859707,0.4568232476235982,-1.4315783907650497,-2.012666250959349,0.0,1.0,1.0,0.0,1.0,0.0,1.0,0.0,0.0,1.0,0.0
1.2360571677316798,-0.5026976102759834,-0.8525496630747721,-0.01595594469866254,0.0,0.4402468599238423,-1.0076146625926186,2.280900098470587,0.5434288023859707,0.40572632525612207,-0.3341684395995077,0.19308498081138778,1.0,0.0,1.0,0.0,1.0,0.0,1.0,0.0,0.0,0.0,1.0
-0.7682495342374575,2.2388870062965314,2.666638451881115,2.2508934367342577,0.0,-0.1408316568035943,3.78033752792097,-0.976703747260095,-0.16526586420502928,1.212672903286517,1.7380742193201069,1.6618537733590395,0.0,1.0,0.0,1.0,1.0,0.0,1.0,0.0,0.0,0.0,1.0
1.2360571677316798,-0.5478198836851169,1.2921291315441166,-0.8746110134232535,0.0,0.4402468599238423,0.2918073515336931,-1.5439489731029306,-0.0471500864398625,-0.1608583445422548,-0.39687993144498107,-0.7877242962177085,0.0,1.0,0.0,1.0,1.0,0.0,0.0,1.0,0.0,0.0,1.0
-0.7682495342374575,-0.6722110157859718,1.0690825369037522,-0.03312904607315436,0.0,-2.4651457237133414,0.03491365148511571,-0.21803688172763158,-2.409465641743196,-1.5798948658671448,-0.5812798429378931,0.12333810676160736,0.0,1.0,0.0,1.0,0.0,1.0,1.0,0.0,0.0,0.0,1.0
-0.7682495342374575,-0.5762753714206066,0.0157388660609323,-0.01595594469866254,0.0,0.4402468599238423,-0.5337032995179295,0.788827254002355,0.5434288023859707,0.5675543653837184,-0.4375161071581076,0.19308498081138778,0.0,1.0,0.0,1.0,1.0,0.0,1.0,0.0,0.0,1.0,0.0
1.2360571677316798,-0.7279024703540015,0.29454710936138784,-0.11899455294561347,0.0,-2.4651457237133414,-0.5022625780194468,0.5405150304307115,-2.409465641743196,0.5767147627487372,-0.6699994213359111,0.0960137119127256,0.0,1.0,0.0,1.0,1.0,0.0,1.0,0.0,0.0,1.0,0.0
1.2360571677316798,-0.26733007600671904,0.08253029137906341,0.49923709653609205,0.0,0.4402468599238423,-0.2005083363205955,0.897209756957303,0.5434288023859707,0.6573553600402585,-0.03683433175881814,0.6230048769328586,0.0,1.0,0.0,1.0,1.0,0.0,1.0,0.0,0.0,0.0,1.0
-0.7682495342374575,-0.29090748013041046,0.2093727229465234,0.17294817042074748,0.0,-2.4651457237133414,-0.14337824481725517,0.318175673905779,-2.409465641743196,0.6713219902983246,-0.06461276906142721,0.3606342757087534,0.0,1.0,0.0,1.0,1.0,0.0,1.0,0.0,1.0,0.0,0.0
-0.7682495342374575,-0.8457894909724586,0.5923510791284679,-0.3250717694395153,0.0,0.4402468599238423,-0.4271115851694153,0.046639453245921184,0.5434288023859707,-1.6372354356114809,-0.8726465960031139,-0.11200809395388098,0.0,1.0,0.0,1.0,0.0,1.0,1.0,0.0,0.0,0.0,1.0
-0.7682495342374575,-0.8880662156080431,-0.8525496630747721,-1.3726309532835164,0.0,0.4402468599238423,-1.3711000769897101,-0.02207975600949527,0.5434288023859707,0.23558236589622034,-0.9509115995123465,-1.655136767509878,0.0,1.0,1.0,0.0,1.0,0.0,1.0,0.0,0.0,0.0,1.0
1.2360571677316798,0.10543681332819531,-0.8525496630747721,0.4648908937871084,0.0,-2.4651457237133414,-0.4340132069617651,1.3656206054408229,-2.409465641743196,0.5960665765921865,0.35578287286109916,0.5968149822741045,0.0,1.0,1.0,0.0,1.0,0.0,1.0,0.0,0.0,1.0,0.0
-0.7682495342374575,-1.1596128699981443,0.16831744316381897,-1.4584964601559753,0.0,0.4402468599238423,-0.9884434909472023,-1.177900386843006,0.5434288023859707,0.4133371217571372,-1.5488104178450928,-1.8465552857431975,1.0,0.0,1.0,0.0,1.0,0.0,1.0,0.0,0.0,0.0,1.0
1.2360571677316798,0.0818594092045039,2.5936427771928363,1.1861611515157648,0.0,0.4402468599238423,1.7001216206059688,-0.5761909595389969,0.5434288023859707,0.9935727637937213,0.33320841753407787,1.0903471616719624,0.0,1.0,0.0,1.0,1.0,0.0,1.0,0.0,0.0,1.0,0.0
0.23390381674711117,-0.5140798053701793,0.15238554354665007,-0.4796296818099417,0.0,0.4402468599238423,-0.3895360887443995,-0.26914330519347596,0.5434288023859707,-1.6320751759048928,-0.3497939369994196,-0.28204399360821053,0.0,1.0,0.0,1.0,0.0,1.0,1.0,0.0,0.0,0.0,1.0
-0.7682495342374575,-0.6083894218649449,0.5463936763866345,0.2588136772932066,0.0,0.4402468599238423,-0.23194905781907812,0.6018856193335549,0.5434288023859707,0.6495076944672811,-0.4844427282293609,0.4327694322257932,1.0,0.0,0.0,1.0,1.0,0.0,1.0,0.0,0.0,1.0,0.0
2.238210518716248,0.24486870323209456,0.23449610311205896,0.8255260226514366,0.0,0.4402468599238423,0.3776942005051578,0.3651078341505606,-0.0471500864398625,-0.14726412226475324,0.4840774461950053,0.8573920495956948,0.0,1.0,0.0,1.0,1.0,0.0,0.0,1.0,0.0,1.0,0.0
0.23390381674711117,-0.8140819474957701,2.666638451881115,2.2508934367342577,0.0,0.4402468599238423,0.9007316909212258,1.143360048850625,0.5434288023859707,-1.4976718493048584,-0.8159880767139505,1.6618537733590395,0.0,1.0,0.0,1.0,0.0,1.0,1.0,0.0,0.0,1.0,0.0
-0.7682495342374575,-0.6031048312854969,-0.8525496630747721,-1.1665537367896144,0.0,-2.4651457237133414,-1.1023202505209746,-0.22771474995002824,-2.409465641743196,0.3664217944007379,-0.47664073570591997,-1.2540429858581925,1.0,0.0,1.0,0.0,1.0,0.0,1.0,0.0,0.0,0.0,1.0
-0.7682495342374575,-0.640909979276933,0.5016618043845834,-0.05030214744764618,0.0,-2.4651457237133414,-0.2906128430540518,0.24081987447589176,-2.409465641743196,0.6345442425889243,-0.5331713153272007,0.16120144927122382,0.0,1.0,0.0,1.0,1.0,0.0,1.0,0.0,0.0,1.0,0.0
-0.7682495342374575,-0.7758702925366839,-0.8525496630747721,-1.2695923450365654,0.0,0.4402468599238423,-1.2652752095070126,-0.050809254038066846,0.5434288023859707,-1.7907057304614062,-0.7498731788203818,-1.445461504091514,0.0,1.0,1.0,0.0,0.0,1.0,1.0,0.0,1.0,0.0,0.0
-0.7682495342374575,-0.9474162328849216,0.0764026376801523,-0.7543993038018107,0.0,0.4402468599238423,-0.8458099739053055,0.10169615252437714,0.5434288023859707,-1.7028548504592311,-1.0665086825552668,-0.6211639539866046,0.0,1.0,0.0,1.0,0.0,1.0,1.0,0.0,0.0,0.0,1.0
1.2360571677316798,-0.3270866002512473,-0.8525496630747721,-0.737226202427319,0.0,0.4402468599238423,-0.8419757395762223,0.12898855630693212,0.5434288023859707,0.4681089859222537,-0.10804181478283115,-0.5983665979655841,0.0,1.0,0.0,1.0,1.0,0.0,1.0,0.0,0.0,1.0,0.0
-0.7682495342374575,-0.26976911781261814,0.5414915534275057,0.08708266354828838,0.0,0.4402468599238423,0.08437527433028956,-0.1403689525875848,0.5434288023859707,0.7235814091006038,-0.039689253216690396,0.28605339890751985,1.0,0.0,1.0,0.0,1.0,0.0,1.0,0.0,0.0,1.0,0.0
-0.7682495342374575,-0.4014773753311702,1.7829541928268966,0.5679295020340593,0.0,0.4402468599238423,0.7369619571402578,-0.33411102535572074,0.5434288023859707,0.849699896049158,-0.20057656073166777,0.6744674614858461,0.0,1.0,1.0,0.0,1.0,0.0,1.0,0.0,1.0,0.0,0.0
-0.7682495342374575,2.2388870062965314,-0.8525496630747721,0.9113915295238958,0.0,-2.4651457237133414,1.5782888247993487,-0.7095508383499336,-2.409465641743196,0.0074337977476758585,1.7380742193201069,0.9151361827809029,0.0,1.0,1.0,0.0,1.0,0.0,0.0,1.0,0.0,0.0,1.0
-0.7682495342374575,0.09405461823399945,-0.8525496630747721,-0.6341875941803681,0.0,0.4402468599238423,-0.4447490630831982,-0.4356426535565941,0.5434288023859707,0.5930693000727278,0.34491825093330364,-0.4663314677724186,0.0,1.0,1.0,0.0,1.0,0.0,1.0,0.0,0.0,1.0,0.0
1.2360571677316798,-0.635625388697485,0.005321854772783414,-0.44528347906095805,0.0,0.4402468599238423,-0.5962013190819864,0.161864728010893,0.5434288023859707,0.5488570168969618,-0.5251676226212902,-0.24310624846566847,0.0,1.0,0.0,1.0,1.0,0.0,1.0,0.0,0.0,0.0,1.0
1.2360571677316798,-1.8104305252055575,0.934886920897599,-0.7028799996783354,0.0,0.4402468599238423,-1.122641692465116,1.032404669926394,-0.0471500864398625,-2.1804368086251658,-5.645581368146839,-0.5534686075921494,1.0,0.0,0.0,1.0,0.0,1.0,1.0,0.0,0.0,1.0,0.0
-0.7682495342374575,-1.1807512323159366,1.317252511709652,-0.13616765432010527,0.0,0.4402468599238423,-0.2894625727553268,0.10687007887161805,0.5434288023859707,0.6348417758108154,-1.6042844167064538,0.07941042427943844,0.0,1.0,0.0,1.0,1.0,0.0,1.0,0.0,0.0,1.0,0.0
-0.7682495342374575,0.9843048773871755,-0.8525496630747721,-0.9433034189212208,0.0,0.4402468599238423,0.39494825498603237,-1.6914368496145713,-0.0471500864398625,-0.1445853665198086,1.0492694265261142,-0.8888881042400811,0.0,1.0,1.0,0.0,1.0,0.0,0.0,1.0,0.0,1.0,0.0
-0.7682495342374575,-1.1559543072892957,0.20079400776804784,-0.6685337969293517,0.0,0.4402468599238423,-0.9646712381068862,0.6014507451458767,0.5434288023859707,0.422623977840636,-1.5393710068108406,-0.5094686375063348,0.0,1.0,0.0,1.0,1.0,0.0,1.0,0.0,0.0,0.0,1.0
2.238210518716248,-0.15554065990300972,-0.8525496630747721,-0.6685337969293517,0.0,0.4402468599238423,-0.6801710508889094,-0.08316329977059163,0.5434288023859707,0.5226407800436982,0.08962674276516133,-0.5094686375063348,0.0,1.0,0.0,1.0,1.0,0.0,1.0,0.0,0.0,0.0,1.0
2.238210518716248,-0.5409092652350694,0.4747001281093745,-0.1533407556945971,0.0,-0.7219101735310313,-0.21316130960657023,-0.04361236968343496,-0.637728975265696,-2.0617886775664473,-0.3871405849493947,0.06268087469134023,0.0,1.0,0.0,1.0,0.0,1.0,0.0,1.0,0.0,1.0,0.0
0.23390381674711117,-0.48074623402289135,-0.8525496630747721,0.2759867786676984,0.0,0.4402468599238423,-0.986909797215569,2.8764128790026686,0.5434288023859707,0.41394125104484003,-0.3043907189654984,0.44691690972280923,1.0,0.0,1.0,0.0,1.0,0.0,1.0,0.0,0.0,1.0,0.0
2.238210518716248,0.2046245134347592,1.0880782633703767,1.0487763405198303,0.0,0.4402468599238423,0.8738441226885296,0.006574421954926243,0.5434288023859707,0.8727081052208358,0.4479262502193231,1.0044855256821663,0.0,1.0,0.0,1.0,1.0,0.0,1.0,0.0,0.0,1.0,0.0
1.2360571677316798,2.2388870062965314,-0.23120557800518546,0.1901212717952393,0.0,0.4402468599238423,1.9670801857683897,-1.4739611677788191,-0.0471500864398625,0.04738803905605367,1.7380742193201069,0.3752517724723911,0.0,1.0,0.0,1.0,1.0,0.0,0.0,1.0,1.0,0.0,0.0
-0.7682495342374575,-0.5307465910438232,-0.8525496630747721,-1.011995824419188,0.0,0.4402468599238423,-1.034070879463293,-0.018402920050626864,0.5434288023859707,-1.7387080948957627,-0.37290785854220604,-0.9949291212304161,0.0,1.0,1.0,0.0,0.0,1.0,1.0,0.0,0.0,1.0,0.0
-0.7682495342374575,-0.3270866002512473,1.1695760575658944,0.05273646079930474,0.0,0.4402468599238423,0.4233215890212484,-0.5756323291356399,0.5434288023859707,0.7928424785417226,-0.10804181478283115,0.25549839148948783,0.0,1.0,0.0,1.0,1.0,0.0,1.0,0.0,1.0,0.0,0.0
-0.7682495342374575,0.13673784983723392,0.7044871418185411,0.20729437316973112,0.0,0.4402468599238423,0.5697893403922283,-0.5492251445839396,0.5434288023859707,0.8201614155085428,0.3853450095613399,0.3897727834059195,1.0,0.0,1.0,0.0,1.0,0.0,1.0,0.0,1.0,0.0,0.0
0.23390381674711117,-0.7701791949895861,0.09233453729732119,0.8770453267749121,0.0,-0.1408316568035943,-0.6686683479016597,2.8132569687237226,-0.28338164197019605,-2.112949057392286,-0.7402196747973702,0.892220088388835,0.0,1.0,1.0,0.0,0.0,1.0,0.0,1.0,0.0,1.0,0.0
-0.7682495342374575,-0.838878872522411,0.19956847702826563,-0.6857068983038436,0.0,0.4402468599238423,-0.6663678073042097,-0.1427842582768628,-0.0471500864398625,-0.35285816480235555,-0.8601535420804736,-0.5313586207906091,1.0,0.0,1.0,0.0,1.0,0.0,0.0,1.0,0.0,1.0,0.0
0.23390381674711117,-0.34619242773079034,-0.8525496630747721,-0.46245658043544985,0.0,0.4402468599238423,-0.8599966409229136,0.7587379984502716,0.5434288023859707,0.46167000434702193,-0.13138203713494417,-0.26248897445863373,1.0,0.0,1.0,0.0,1.0,0.0,1.0,0.0,1.0,0.0,0.0
-0.7682495342374575,-1.014896389514797,0.6180872246638945,-0.4109372763119744,0.0,0.4402468599238423,-0.5705119490771287,0.1715988402546016,0.5434288023859707,-1.6579160875885004,-1.207070197941696,-0.20484571594015916,0.0,1.0,0.0,1.0,0.0,1.0,1.0,0.0,0.0,0.0,1.0
2.238210518716248,-0.4868438385376392,1.2480100249119568,0.1901212717952393,0.0,0.4402468599238423,0.3217143793005424,-0.30675356408768284,0.5434288023859707,0.7730205646293509,-0.31261573057340375,0.3752517724723911,0.0,1.0,0.0,1.0,1.0,0.0,1.0,0.0,1.0,0.0,0.0
-0.7682495342374575,0.543244817487086,-0.8525496630747721,0.035563359424812924,0.0,0.4402468599238423,-0.021066169719499664,-0.06323180479739585,0.5434288023859707,0.7000313403454015,0.7326376090384727,0.24006025677208417,0.0,1.0,1.0,0.0,1.0,0.0,1.0,0.0,0.0,0.0,1.0
-0.7682495342374575,-0.37139585972508116,-0.8525496630747721,-0.44528347906095805,0.0,0.4402468599238423,-0.8837688937632298,0.8639267070675543,0.5434288023859707,0.4530535421540954,-0.16261525951984315,-0.24310624846566847,0.0,1.0,1.0,0.0,1.0,0.0,1.0,0.0,0.0,0.0,1.0
0.23390381674711117,0.21438068065835567,-0.8525496630747721,-0.11899455294561347,0.0,0.4402468599238423,-0.3312557269423342,0.20636754564017384,-0.0471500864398625,-2.0739044475738684,0.45675337286583234,0.0960137119127256,1.0,0.0,1.0,0.0,0.0,1.0,1.0,0.0,0.0,1.0,0.0
-0.7682495342374575,-0.6482271046946304,-0.8525496630747721,-1.1665537367896144,0.0,0.4402468599238423,-1.1448802515737986,-0.11484667780159655,0.5434288023859707,0.34775377584725264,-0.5443091548217233,-1.2540429858581925,0.0,1.0,1.0,0.0,1.0,0.0,1.0,0.0,0.0,0.0,1.0
2.238210518716248,-0.819773045042868,0.11990897894242118,0.5851026034085511,0.0,0.4402468599238423,-0.6981919522356007,2.363885645986902,0.5434288023859707,-1.677807696316225,-0.8260342674306009,0.6871471805592052,0.0,1.0,0.0,1.0,0.0,1.0,1.0,0.0,1.0,0.0,0.0
-0.7682495342374575,-0.47302260163754417,0.16893020853371007,-0.4281103776864662,0.0,0.4402468599238423,-0.34045788933213395,-0.26424626553573727,0.5434288023859707,0.6214866218744681,-0.2940230880445356,-0.22389280608396395,0.0,1.0,0.0,1.0,1.0,0.0,1.0,0.0,0.0,1.0,0.0
-0.7682495342374575,1.2180463837858404,-0.8525496630747721,-0.5998413914313844,0.0,-2.4651457237133414,0.615416728908319,-1.4507540376670653,-2.409465641743196,-1.5220328255928914,1.1979147644596175,-0.42402391063211947,0.0,1.0,0.0,1.0,0.0,1.0,1.0,0.0,0.0,0.0,1.0
0.23390381674711117,-0.9856278878440077,0.6940701305303922,-0.18768695844358074,0.0,0.4402468599238423,-0.495360956227097,0.40838741843528115,0.5434288023859707,-1.6468754460857025,-1.1448263496415858,0.0288352045125543,0.0,1.0,0.0,1.0,0.0,1.0,1.0,0.0,0.0,0.0,1.0
2.238210518716248,-0.8120494126575208,0.42384060240841226,-0.7543993038018107,0.0,0.4402468599238423,-0.5007288842878136,-0.5521921974107763,0.5434288023859707,0.577157553358274,-0.8124129510704032,-0.6211639539866046,0.0,1.0,0.0,1.0,1.0,0.0,1.0,0.0,1.0,0.0,0.0
-0.7682495342374575,-0.12993072094106903,-0.40155435083491436,-0.8917841147977453,0.0,0.4402468599238423,-0.37381572799515816,-0.9546218760917006,-0.0471500864398625,-2.0784478549094736,0.1174530367638043,-0.812582472219924,0.0,1.0,0.0,1.0,0.0,1.0,0.0,1.0,0.0,1.0,0.0
1.2360571677316798,-0.03968617412280188,-0.8525496630747721,-0.6685337969293517,0.0,0.4402468599238423,-0.570895372510037,-0.28698903127706393,0.5434288023859707,0.5565080341980652,0.2123898277628066,-0.5094686375063348,0.0,1.0,0.0,1.0,1.0,0.0,1.0,0.0,0.0,0.0,1.0
-0.7682495342374575,-0.6087959288325948,0.9765549660501944,-0.11899455294561347,0.0,-0.1408316568035943,0.03683076864965733,-0.3484957254471598,-0.16526586420502928,0.7130928955534834,-0.4850442069703876,0.0960137119127256,1.0,0.0,1.0,0.0,1.0,0.0,1.0,0.0,1.0,0.0,0.0
-0.7682495342374575,-0.03277555567275439,-0.8525496630747721,-0.46245658043544985,0.0,0.4402468599238423,-0.5643771741505954,0.0677781510491677,0.5434288023859707,0.5584608440461882,0.21946843414396378,-0.26248897445863373,1.0,0.0,0.0,1.0,1.0,0.0,1.0,0.0,1.0,0.0,0.0
-0.7682495342374575,0.4192601923538811,1.7008436332614876,0.6194488061575348,0.0,0.4402468599238423,1.4597151281724494,-0.8678437654360143,0.5434288023859707,0.9611794303612061,0.6332595059000772,0.7122894561510263,0.0,1.0,0.0,1.0,1.0,0.0,1.0,0.0,0.0,1.0,0.0
-0.7682495342374575,-1.0583926350533313,0.5010490390146923,-0.08464835019662982,0.0,0.4402468599238423,-0.6847721320838093,1.039650752841195,0.5434288023859707,0.5211657769546885,-1.3034987597124024,0.12884902548885085,0.0,1.0,1.0,0.0,1.0,0.0,1.0,0.0,0.0,1.0,0.0
0.8351958273378525,0.18389265808461677,0.03657288863723008,0.4477177924126166,0.0,-2.4651457237133414,0.1963349167395203,0.1641403218196798,-2.409465641743196,0.7474835324931802,0.4290317096064038,0.5836021787781154,0.0,1.0,0.0,1.0,1.0,0.0,1.0,0.0,0.0,0.0,1.0
-0.7682495342374575,0.7058476045470268,-0.8525496630747721,1.0487763405198303,0.0,0.4402468599238423,0.13230320344383012,1.02054384382479,-0.0471500864398625,-0.18733359714307207,0.8555755177439507,1.0044855256821663,0.0,1.0,1.0,0.0,1.0,0.0,0.0,1.0,1.0,0.0,0.0
2.238210518716248,-0.5014780893730338,-0.08659295071088324,-0.18768695844358074,0.0,-2.4651457237133414,-0.5271851011584879,0.4750173691878457,-2.409465641743196,0.5694666352687379,-0.3325018549505481,0.0288352045125543,0.0,1.0,0.0,1.0,1.0,0.0,1.0,0.0,0.0,1.0,0.0
0.23390381674711117,2.2388870062965314,1.5065970110060054,0.3618522855401575,0.0,-2.4651457237133414,3.054469041496398,-1.7535237791056115,-2.409465641743196,0.1423983335379365,1.7380742193201069,0.5163209359461156,0.0,1.0,0.0,1.0,1.0,0.0,0.0,1.0,0.0,0.0,1.0
-0.7682495342374575,-0.1344022975852174,0.6493382585283412,-0.4968027831844335,0.0,0.4402468599238423,0.2795378016806267,-1.0819472353566844,0.5434288023859707,0.7645678727344604,0.11262367068896574,-0.301774396436202,0.0,1.0,0.0,1.0,1.0,0.0,1.0,0.0,0.0,0.0,1.0
-0.7682495342374575,-0.4896893873111881,-0.8525496630747721,-1.9565164000162383,0.0,0.4402468599238423,-0.9953451127395522,-2.3388360719847174,-0.0471500864398625,-0.44600312538010206,-0.3164662551336078,-3.4948198435184588,0.0,1.0,0.0,1.0,1.0,0.0,0.0,1.0,0.0,1.0,0.0
1.2360571677316798,-0.6937558850714138,-0.8525496630747721,-0.9948227230446963,0.0,0.4402468599238423,-1.187823676059531,0.4804414893135011,0.5434288023859707,0.32822055535499794,-0.6151137850594894,-0.9679358357110909,0.0,1.0,0.0,1.0,1.0,0.0,1.0,0.0,0.0,1.0,0.0
0.4343344869440248,-0.34456639986019094,-0.39052457417687436,0.3618522855401575,0.0,0.4402468599238423,-0.5693616787784036,1.5461585488206384,0.5434288023859707,0.5569681720452997,-0.12938446536989684,0.5163209359461156,0.0,1.0,0.0,1.0,1.0,0.0,1.0,0.0,0.0,0.0,1.0
0.23390381674711117,1.6099191006002977,-0.8525496630747721,0.1901212717952393,0.0,0.4402468599238423,0.9850369182319437,-0.9170429433890865,-0.0471500864398625,-0.061943755161339834,1.423721807331021,0.3752517724723911,1.0,0.0,1.0,0.0,1.0,0.0,0.0,1.0,0.0,1.0,0.0
2.238210518716248,1.9078887078876394,-0.8525496630747721,2.2508934367342577,0.0,0.4402468599238423,1.2660862945537457,0.6858882744268563,-0.0471500864398625,-0.027647113239183986,1.5791212363869083,1.6618537733590395,0.0,1.0,1.0,0.0,1.0,0.0,0.0,1.0,0.0,1.0,0.0
0.23390381674711117,-0.15472764596771002,0.9857464465985611,0.5679295020340593,0.0,0.4402468599238423,0.4708660947018806,-0.046824158820647666,0.5434288023859707,0.8018669955108105,0.09051639204417018,0.6744674614858461,0.0,1.0,0.0,1.0,1.0,0.0,1.0,0.0,1.0,0.0,0.0
-0.7682495342374575,-0.5071691869201318,0.8729976185385967,-0.44528347906095805,0.0,0.4402468599238423,0.06788806671523161,-0.8138256351787404,0.42531302462080395,0.7199679207025862,-0.3402917532300735,-0.24310624846566847,1.0,0.0,0.0,1.0,1.0,0.0,1.0,0.0,0.0,1.0,0.0
2.238210518716248,-0.330745162960096,-0.2502013044718099,-0.6685337969293517,0.0,0.4402468599238423,-0.4685213159235143,-0.45613647074237307,0.5434288023859707,-1.6430421347801296,-0.11248914012416948,-0.5094686375063348,0.0,1.0,0.0,1.0,0.0,1.0,1.0,0.0,0.0,1.0,0.0
2.238210518716248,-0.6644873834006245,-0.8525496630747721,-0.6857068983038436,0.0,0.4402468599238423,-1.1602171888901316,1.2202840338765921,0.5434288023859707,0.34086066167047974,-0.5692955312703296,-0.5313586207906091,0.0,1.0,0.0,1.0,1.0,0.0,1.0,0.0,0.0,0.0,1.0
1.2360571677316798,1.491625573014191,1.0880782633703767,0.4477177924126166,0.0,0.4402468599238423,2.087762711276285,-1.342876625693424,0.5434288023859707,1.0419333455031423,1.3583331717521874,0.5836021787781154,0.0,1.0,0.0,1.0,1.0,0.0,1.0,0.0,1.0,0.0,0.0
-0.7682495342374575,-0.20472800298864183,-0.8525496630747721,-1.1665537367896144,0.0,0.4402468599238423,-0.7265652862708167,-0.9629306043028051,0.5434288023859707,0.5075747993091887,0.03501510330206106,-1.2540429858581925,1.0,0.0,1.0,0.0,1.0,0.0,1.0,0.0,0.0,1.0,0.0
-0.7682495342374575,-0.9043264943140372,1.189797314772301,-0.17051385706908892,0.0,0.4402468599238423,-0.10848671242259765,-0.2241656967104896,0.5434288023859707,0.6796729141966293,-0.9818908820239765,0.04582312807112377,0.0,1.0,0.0,1.0,1.0,0.0,1.0,0.0,1.0,0.0,0.0
-0.7682495342374575,2.2388870062965314,-0.8525496630747721,1.5399270398302962,0.0,0.4402468599238423,1.5782888247993487,-0.2063331661460757,0.5434288023859707,0.9774060675866278,1.7380742193201069,1.1881838742334658,0.0,1.0,0.0,1.0,1.0,0.0,1.0,0.0,1.0,0.0,0.0
-0.7682495342374575,-0.5949746919324999,0.5286234806597923,-0.2220331611925644,0.0,-2.4651457237133414,-0.2304153640874448,-0.11889710128560306,-2.409465641743196,-1.6112810217215343,-0.46469971324764536,-0.005539325616865033,0.0,1.0,1.0,0.0,0.0,1.0,1.0,0.0,0.0,0.0,1.0
1.2360571677316798,-0.17789854312375158,-0.2152736783880166,-0.4968027831844335,0.0,0.4402468599238423,-0.30249896947420984,-0.42845096915321257,0.5434288023859707,-1.620497726026939,0.06499715676342935,-0.301774396436202,0.0,1.0,0.0,1.0,0.0,1.0,1.0,0.0,0.0,0.0,1.0
2.238210518716248,-0.22667937924173384,-0.8525496630747721,-1.698919879398861,0.0,0.4402468599238423,-0.7472701516478663,-1.9872244188907608,0.5434288023859707,0.5007091983459924,0.010128457612891491,-2.4928077640820434,0.0,1.0,0.0,1.0,1.0,0.0,1.0,0.0,1.0,0.0,0.0
0.23390381674711117,-0.8754644996108978,0.3625640654193012,0.0183902580503211,0.0,0.4402468599238423,-0.5988852831123447,1.0076110437031416,0.5434288023859707,-1.6622081537785705,-0.9272444144586636,0.2245130177241069,0.0,1.0,0.0,1.0,0.0,1.0,1.0,0.0,0.0,0.0,1.0
-0.7682495342374575,-0.8795295692873962,-0.8525496630747721,-0.737226202427319,0.0,0.4402468599238423,-1.3630481848986353,2.019074348650147,0.5434288023859707,0.24001420940878404,-0.9348469141573053,-0.5983665979655841,0.0,1.0,1.0,0.0,1.0,0.0,1.0,0.0,0.0,1.0,0.0
0.23390381674711117,-0.5136732984025294,0.6793637616530056,0.5851026034085511,0.0,0.4402468599238423,-0.05940851301033211,0.7508874001698945,0.5434288023859707,0.6911991307902003,-0.34923367118259624,0.6871471805592052,0.0,1.0,0.0,1.0,1.0,0.0,1.0,0.0,0.0,1.0,0.0
-0.7682495342374575,-0.8457894909724586,0.44344909424492784,-0.3250717694395153,0.0,0.4402468599238423,-0.5202834793661382,0.22225831489034978,0.42531302462080395,0.5714838368074834,-0.8726465960031139,-0.11200809395388098,0.0,1.0,0.0,1.0,1.0,0.0,1.0,0.0,0.0,0.0,1.0
-0.7682495342374575,-0.39537977081642245,-0.8525496630747721,-0.4968027831844335,0.0,0.4402468599238423,-0.9063908763048208,0.8176121923293872,0.5434288023859707,-1.7138672814509337,-0.19282033928608822,-0.301774396436202,0.0,1.0,1.0,0.0,0.0,1.0,1.0,0.0,1.0,0.0,0.0
-0.7682495342374575,2.2388870062965314,-0.8525496630747721,2.0619893216148477,0.0,0.4402468599238423,1.5782888247993487,0.21163998235111753,0.5434288023859707,0.9774060675866278,1.7380742193201069,1.570695056442076,1.0,0.0,1.0,0.0,1.0,0.0,1.0,0.0,0.0,0.0,1.0
-0.7682495342374575,0.5192609063957447,1.7406733823044098,2.2508934367342577,0.0,0.4402468599238423,1.5789598158069382,0.3622417310948513,0.5434288023859707,0.9774964809789265,0.7138137349167625,1.6618537733590395,0.0,1.0,1.0,0.0,1.0,0.0,1.0,0.0,0.0,1.0,0.0
0.23390381674711117,-0.3848105896575263,0.9397890438567278,0.20729437316973112,0.0,0.4402468599238423,0.22509167420764464,-0.17027883437933852,0.5434288023859707,-0.17173004455123772,-0.17945057286517666,0.3897727834059195,0.0,1.0,0.0,1.0,1.0,0.0,1.0,0.0,0.0,1.0,0.0
-0.7682495342374575,-0.22911842104763294,-0.8525496630747721,-0.25637936394154803,0.0,-0.7219101735310313,-0.7495706922453161,0.8794829601601314,-0.637728975265696,-1.6862572466866632,0.0073431005431202805,-0.04045950594293011,1.0,0.0,0.0,1.0,0.0,1.0,1.0,0.0,1.0,0.0,0.0
2.238210518716248,-1.0539210584091827,-0.39052457417687436,-0.7715724051763027,0.0,0.4402468599238423,-1.23843556920343,1.3027024538226664,0.5434288023859707,-1.7841142939954446,-1.293357422986466,-0.6442000301173539,0.0,1.0,0.0,1.0,0.0,1.0,1.0,0.0,0.0,1.0,0.0
2.238210518716248,2.2388870062965314,-0.8525496630747721,2.2508934367342577,0.0,0.4402468599238423,1.5782888247993487,0.3628802663468127,0.5434288023859707,0.9774060675866278,1.7380742193201069,1.6618537733590395,0.0,1.0,0.0,1.0,1.0,0.0,1.0,0.0,1.0,0.0,0.0
1.2360571677316798,0.018037815283477115,-0.00264409503580103,0.1901212717952393,0.0,0.4402468599238423,0.01535905640679116,0.09204228909029516,0.5434288023859707,0.7082866609426138,0.2707247240893588,0.3752517724723911,0.0,1.0,0.0,1.0,1.0,0.0,1.0,0.0,0.0,1.0,0.0
-0.7682495342374575,-0.9059525221846366,-0.8525496630747721,-1.0978613312916472,0.0,0.4402468599238423,-1.3879707080376764,0.9566363801694769,0.5434288023859707,0.22617362539476774,-0.9850166971572845,-1.135099144965033,0.0,1.0,1.0,0.0,1.0,0.0,1.0,0.0,0.0,0.0,1.0
2.238210518716248,0.4225122480950799,-0.8525496630747721,-0.1533407556945971,0.0,0.4402468599238423,-0.13494292929327203,-0.16184113047699297,-0.0471500864398625,-2.0541319331699235,0.635933448649717,0.06268087469134023,0.0,1.0,0.0,1.0,0.0,1.0,0.0,1.0,1.0,0.0,0.0
-0.7682495342374575,-0.36651777611328296,0.16831744316381897,-0.067475248822138,0.0,0.4402468599238423,-0.24038437334306126,0.1284279422748012,0.5434288023859707,0.647382133979609,-0.1565300249728595,0.14508470928319223,1.0,0.0,1.0,0.0,1.0,0.0,1.0,0.0,1.0,0.0,0.0
1.2360571677316798,0.8005637280094423,-0.8525496630747721,0.08021342299849156,0.0,-2.4651457237133414,0.22164086331146973,-0.3270303462635593,-2.409465641743196,-0.17230009290872061,0.9236929147774576,0.22706223687883248,0.0,1.0,0.0,1.0,1.0,0.0,0.0,1.0,1.0,0.0,0.0
0.23390381674711117,-1.1315638892303046,-0.8525496630747721,-1.3382847505345328,0.0,-0.7219101735310313,-1.6007707133017965,1.1861990850841422,-0.637728975265696,0.0902797075708308,-1.4776092323667513,-1.5830016109928382,0.0,1.0,0.0,1.0,1.0,0.0,1.0,0.0,1.0,0.0,0.0
-0.7682495342374575,-0.3246475584453482,0.15238554354665007,-0.1430368948699021,0.0,0.4402468599238423,-0.21086076900912026,-0.02313166762728939,0.5434288023859707,0.654784289525885,-0.1050826882810645,0.04480845133740687,0.0,1.0,1.0,0.0,1.0,0.0,1.0,0.0,1.0,0.0,0.0
-0.7682495342374575,2.2388870062965314,-0.8525496630747721,-0.2392062625670562,0.0,0.4402468599238423,1.5782888247993487,-1.6307416590509847,-0.0471500864398625,-1.9325107419302283,1.7380742193201069,-0.022930128980434047,1.0,0.0,1.0,0.0,0.0,1.0,0.0,1.0,0.0,0.0,1.0
0.23390381674711117,-0.7189593170657047,-0.8525496630747721,-0.7543993038018107,0.0,0.4402468599238423,-1.2115959288998472,1.23854968910017,-0.0471500864398625,-0.5208214651142841,-0.6554710855187761,-0.6211639539866046,0.0,1.0,0.0,1.0,1.0,0.0,0.0,1.0,0.0,1.0,0.0
-0.7682495342374575,-0.7636750835071884,0.38278532262570786,-0.4968027831844335,0.0,0.4402468599238423,-0.4807908657765807,-0.14560370123308716,0.5434288023859707,0.5828801404525717,-0.7292466630593506,-0.301774396436202,0.0,1.0,0.0,1.0,1.0,0.0,1.0,0.0,1.0,0.0,0.0
2.238210518716248,-0.5136732984025294,0.6793637616530056,-0.27355246531603983,0.0,-2.4651457237133414,-0.05940851301033211,-0.43416134262809625,-2.409465641743196,0.6911991307902003,-0.34923367118259624,-0.058129682621885774,0.0,1.0,0.0,1.0,1.0,0.0,1.0,0.0,1.0,0.0,0.0
-0.7682495342374575,-0.7059510941009094,0.62115105151335,-0.4796296818099417,0.0,0.4402468599238423,-0.2771930229022604,-0.4383744542282182,0.5434288023859707,-1.6172251271430143,-0.6345347880576148,-0.28204399360821053,0.0,1.0,1.0,0.0,0.0,1.0,1.0,0.0,0.0,1.0,0.0
-0.7682495342374575,-0.39009518023697437,0.37298107670745007,-0.3250717694395153,0.0,0.4402468599238423,-0.13455950586036372,-0.40755227269778566,0.5434288023859707,0.6734452259452354,-0.18612372818628659,-0.11200809395388098,0.0,1.0,0.0,1.0,1.0,0.0,1.0,0.0,1.0,0.0,0.0
0.23390381674711117,-0.32058248876884965,-0.8525496630747721,-1.2352461422875818,0.0,0.4402468599238423,-0.8358409646496892,-0.9317900925643363,0.5434288023859707,0.4702831045235898,-0.100161001492381,-1.37978721908776,0.0,1.0,0.0,1.0,1.0,0.0,1.0,0.0,0.0,0.0,1.0
-0.7682495342374575,-0.37139585972508116,-0.8525496630747721,-0.6685337969293517,0.0,0.4402468599238423,-0.8837688937632298,0.3792098624593842,0.5434288023859707,0.4530535421540954,-0.16261525951984315,-0.5094686375063348,0.0,1.0,1.0,0.0,1.0,0.0,1.0,0.0,0.0,0.0,1.0
0.23390381674711117,0.790401053818196,-0.8525496630747721,-0.03312904607315436,0.0,0.4402468599238423,0.2120552774887616,-0.45019150719249945,0.5434288023859707,-1.560850497850936,0.9164997328716121,0.17720097556772146,0.0,1.0,0.0,1.0,0.0,1.0,1.0,0.0,0.0,0.0,1.0
-0.7682495342374575,-1.0299371473178416,2.666638451881115,-1.1837268381641064,0.0,0.4402468599238423,0.6971338480469056,-2.106047967324032,0.5434288023859707,0.8428116467673591,-1.239865520012428,-1.2848116715988682,0.0,1.0,0.0,1.0,1.0,0.0,1.0,0.0,0.0,1.0,0.0
-0.7682495342374575,-0.5409092652350694,-0.8525496630747721,-1.1837268381641064,0.0,0.4402468599238423,-1.043656465286001,-0.4129200370283342,0.5434288023859707,0.39111263980091293,-0.3871405849493947,-1.2848116715988682,0.0,1.0,1.0,0.0,1.0,0.0,1.0,0.0,0.0,0.0,1.0
-0.7682495342374575,1.9904096223205594,-0.8525496630747721,0.8942184281494039,0.0,0.4402468599238423,1.3439212514341354,-0.5554103837487645,-0.0471500864398625,-0.018623434887169405,1.6200078767486628,0.9037079743843478,0.0,1.0,0.0,1.0,1.0,0.0,0.0,1.0,0.0,1.0,0.0
2.238210518716248,1.8306523840341675,-0.8525496630747721,0.791179819902453,0.0,0.4402468599238423,1.193235842301164,-0.5271737089394595,0.5434288023859707,0.9227737497802613,1.5400412803664025,0.8338632138774786,0.0,1.0,1.0,0.0,1.0,0.0,1.0,0.0,1.0,0.0,0.0
1.2360571677316798,0.5940581884433175,0.1431940629982834,0.8255260226514366,0.0,0.4402468599238423,0.6499248378700682,0.024856608543049778,0.5434288023859707,-1.5189635383020275,0.771914663823414,0.8573920495956948,0.0,1.0,0.0,1.0,0.0,1.0,1.0,0.0,0.0,1.0,0.0
1.2360571677316798,-0.7213983588716038,-0.8525496630747721,-1.6130543725264017,0.0,-2.4651457237133414,-1.2138964694972971,-1.1716389079990954,-2.409465641743196,-1.7782291783881372,-0.6594223843351277,-2.239663849302595,0.0,1.0,0.0,1.0,0.0,1.0,1.0,0.0,0.0,0.0,1.0
1.2360571677316798,0.3529995566269552,1.995583776179112,0.39619848828914117,0.0,0.4402468599238423,1.5816437798372966,-1.123938628827463,0.5434288023859707,0.9778579790975295,0.5779443772317673,0.54348085090457,0.0,1.0,1.0,0.0,1.0,0.0,1.0,0.0,1.0,0.0,0.0
2.238210518716248,-0.6059503800590458,-0.8525496630747721,-1.115034432666139,0.0,0.4402468599238423,-1.105004214551333,-0.08863786797939652,0.5434288023859707,-1.7535956812032252,-0.48083783804053726,-1.164237652662199,0.0,1.0,0.0,1.0,0.0,1.0,1.0,0.0,0.0,1.0,0.0
-0.7682495342374575,2.1692726880864943,0.16831744316381897,1.4781038748821258,0.0,0.4402468599238423,2.1514110011390666,-0.652168869639512,0.5434288023859707,1.0494652718862905,1.7057273659674552,1.2623829539123186,1.0,0.0,1.0,0.0,1.0,0.0,1.0,0.0,1.0,0.0,0.0
-0.7682495342374575,-0.17627251525315218,-0.8525496630747721,-0.46245658043544985,0.0,0.4402468599238423,-0.699725645967234,0.35287795453273973,0.5434288023859707,0.5163432270701361,0.06679917524383969,-0.26248897445863373,1.0,0.0,1.0,0.0,1.0,0.0,1.0,0.0,0.0,1.0,0.0
1.2360571677316798,0.21194163885245657,-0.8525496630747721,0.2759867786676984,0.0,0.4402468599238423,-0.3335562675397841,0.8307605080676213,0.5434288023859707,0.6233140650142462,0.4545504234243427,0.44691690972280923,0.0,1.0,0.0,1.0,1.0,0.0,1.0,0.0,0.0,1.0,0.0
-0.7682495342374575,-0.9961970690029038,-0.16318862194727213,-1.018865064968985,0.0,0.4402468599238423,-1.0417393481214594,-0.08535228552165185,0.5434288023859707,0.3919002803236105,-1.1670694317984616,-1.113491545451666,0.0,1.0,0.0,1.0,1.0,0.0,1.0,0.0,0.0,0.0,1.0
0.23390381674711117,-0.2746472014244164,-0.8525496630747721,-1.5271888656539427,0.0,0.4402468599238423,-0.7925141167310485,-1.5963171658672974,0.5434288023859707,0.4853869903150849,-0.04541196258994742,-2.012666250959349,0.0,1.0,0.0,1.0,1.0,0.0,1.0,0.0,0.0,0.0,1.0
-0.7682495342374575,-0.6120479845737936,1.0182230112027901,-0.8574379120487617,0.0,0.4402468599238423,0.059836174624156795,-1.3455996524181277,0.5434288023859707,0.7181941237805857,-0.4898628852176519,-0.7631438710105135,0.0,1.0,1.0,0.0,1.0,0.0,1.0,0.0,1.0,0.0,0.0
-0.7682495342374575,-0.7705857019572359,0.34234280821289453,0.2759867786676984,0.0,0.4402468599238423,-0.5126150107079717,1.244434210329984,0.5434288023859707,0.5737161290670519,-0.7409075909977957,0.44691690972280923,0.0,1.0,0.0,1.0,1.0,0.0,1.0,0.0,1.0,0.0,0.0
-0.7682495342374575,2.2388870062965314,-0.8525496630747721,-0.737226202427319,0.0,0.4402468599238423,1.5782888247993487,-2.029466044130544,0.5434288023859707,0.9774060675866278,1.7380742193201069,-0.5983665979655841,0.0,1.0,0.0,1.0,1.0,0.0,1.0,0.0,0.0,1.0,0.0
1.2360571677316798,-0.3035091961275559,-0.8525496630747721,-0.25637936394154803,0.0,0.4402468599238423,-0.8197371804675395,1.0770026514421749,0.5434288023859707,-1.6982537693965754,-0.07962764296034913,-0.04045950594293011,0.0,1.0,0.0,1.0,0.0,1.0,1.0,0.0,0.0,1.0,0.0
-0.7682495342374575,0.631050322499454,-0.8525496630747721,-0.10182145157112164,0.0,0.4402468599238423,0.06175329178869842,-0.3573743013624149,0.5434288023859707,-1.5769191409659151,0.8000074898613159,0.11249262918280196,0.0,1.0,1.0,0.0,0.0,1.0,1.0,0.0,1.0,0.0,0.0
-0.7682495342374575,0.13673784983723392,-0.8525496630747721,-0.6170144928058763,0.0,-2.4651457237133414,-0.40448960262782413,-0.46885263155943535,-2.409465641743196,0.6042220281841076,0.3853450095613399,-0.4450759867765552,1.0,0.0,1.0,0.0,1.0,0.0,1.0,0.0,0.0,1.0,0.0
-0.7682495342374575,-1.479127346570928,0.8466487076332789,-0.46245658043544985,0.0,0.4402468599238423,-0.8653645689836301,0.7738771586179629,0.5434288023859707,0.4597366616746706,-2.6324094043468946,-0.26248897445863373,0.0,1.0,0.0,1.0,1.0,0.0,1.0,0.0,1.0,0.0,0.0
-0.7682495342374575,-0.6022918173501971,0.934886920897599,0.3790253869146493,0.0,0.4402468599238423,0.016892750138424457,0.3419911882245903,-0.0471500864398625,-0.2075859165127476,-0.47544325993024533,0.5299428071405343,0.0,1.0,1.0,0.0,1.0,0.0,1.0,0.0,0.0,0.0,1.0
-0.7682495342374575,1.32902278595425,-0.8525496630747721,2.2508934367342577,0.0,0.4402468599238423,0.7200913260922915,1.4101413375296195,0.5434288023859707,0.8467931432172151,1.2646243948061913,1.6618537733590395,0.0,1.0,0.0,1.0,1.0,0.0,1.0,0.0,0.0,0.0,1.0
-0.7682495342374575,-0.7026990383597106,-0.8525496630747721,-0.7028799996783354,0.0,0.4402468599238423,-1.1962589915835142,1.3189519780356618,0.5434288023859707,0.32429687466474644,-0.6293364658793,-0.5534686075921494,0.0,1.0,1.0,0.0,1.0,0.0,1.0,0.0,0.0,1.0,0.0
-0.7682495342374575,-1.1120515547831116,0.15483660502621452,-0.6685337969293517,0.0,0.4402468599238423,-0.9520182648209115,0.5649611129497162,0.5434288023859707,-1.722477204761142,-1.4296020587451093,-0.5094686375063348,1.0,0.0,0.0,1.0,0.0,1.0,1.0,0.0,0.0,1.0,0.0
-0.7682495342374575,2.2388870062965314,-0.8525496630747721,2.0791624229893397,0.0,0.4402468599238423,1.5782888247993487,0.2253890990779989,-0.0471500864398625,0.0074337977476758585,1.7380742193201069,1.5791400770585697,0.0,1.0,0.0,1.0,1.0,0.0,0.0,1.0,0.0,0.0,1.0
2.238210518716248,0.23836459174969693,-0.8525496630747721,-0.7715724051763027,0.0,0.4402468599238423,-0.30863374440074304,-0.845707940684002,0.5434288023859707,0.6298607640958734,0.4782811035718555,-0.6442000301173539,0.0,1.0,0.0,1.0,1.0,0.0,1.0,0.0,0.0,0.0,1.0
0.23390381674711117,-0.6254627145062387,0.7302232873539678,0.5335832992850758,0.0,0.4402468599238423,-0.1330258121287304,0.8152897863917379,0.5434288023859707,0.6738136103461124,-0.5098697734751747,0.6488866480336959,0.0,1.0,0.0,1.0,1.0,0.0,1.0,0.0,0.0,1.0,0.0
-0.7682495342374575,-0.6457880628887314,0.6278914705821522,0.0012171566758292808,0.0,0.4402468599238423,-0.21622869706983683,0.19039732162519443,0.5434288023859707,0.65344617388875,-0.5405893022315028,0.20885512123946845,0.0,1.0,0.0,1.0,1.0,0.0,1.0,0.0,1.0,0.0,0.0
-0.7682495342374575,-1.0270915985442925,2.666638451881115,-0.03312904607315436,0.0,-2.4651457237133414,0.6998178120772639,-0.9181617210205975,-2.409465641743196,0.8432786843832809,-1.2336175466101662,0.17720097556772146,1.0,0.0,1.0,0.0,1.0,0.0,1.0,0.0,0.0,1.0,0.0
0.23390381674711117,1.6269923932415915,2.200860175092634,2.2508934367342577,0.0,-2.4651457237133414,2.911739668596274,-0.5829305386470444,-2.409465641743196,0.13108513235246266,1.4329767091354042,1.6618537733590395,0.0,1.0,0.0,1.0,1.0,0.0,0.0,1.0,1.0,0.0,0.0
1.2360571677316798,0.644871559399549,2.61202573828957,0.8426991240259285,0.0,0.4402468599238423,2.242665778171248,-1.1407649463829266,0.5434288023859707,1.060079156796538,0.8103983164647017,0.8690627675189304,0.0,1.0,0.0,1.0,1.0,0.0,1.0,0.0,0.0,1.0,0.0
-0.7682495342374575,-0.506356172984832,-0.8525496630747721,-0.20486005981807257,0.0,0.4402468599238423,-1.0110654734887934,1.8457490464846924,0.5434288023859707,0.4043446005515189,-0.3391769586421616,0.011715077884983334,0.0,1.0,1.0,0.0,1.0,0.0,1.0,0.0,0.0,1.0,0.0
1.2360571677316798,-0.5279010422702742,0.3221215510064878,-0.46245658043544985,0.0,-2.4651457237133414,-0.29636419454767665,-0.3843502648643783,-2.409465641743196,-1.6197006184244431,-0.36894167502069775,-0.26248897445863373,0.0,1.0,0.0,1.0,0.0,1.0,1.0,0.0,1.0,0.0,0.0
-0.7682495342374575,0.13673784983723392,-0.8525496630747721,-0.11899455294561347,0.0,0.4402468599238423,-0.40448960262782413,0.342169989141534,0.5434288023859707,0.6042220281841076,0.3853450095613399,0.0960137119127256,1.0,0.0,1.0,0.0,1.0,0.0,1.0,0.0,1.0,0.0,0.0
2.238210518716248,1.6611389785241792,2.208826124901219,-0.1533407556945971,0.0,0.4402468599238423,2.948931741588382,-2.0267851313942082,0.5434288023859707,1.1356920066938652,1.4513527210753419,0.06268087469134023,0.0,1.0,0.0,1.0,1.0,0.0,1.0,0.0,1.0,0.0,0.0
0.23390381674711117,1.9814664690322625,-0.8525496630747721,0.8255260226514366,0.0,0.4402468599238423,1.3354859359101523,-0.6076140163564281,0.5434288023859707,0.9436237374310612,1.615618969496685,0.8573920495956948,0.0,1.0,0.0,1.0,1.0,0.0,1.0,0.0,0.0,0.0,1.0
0.23390381674711117,-0.6132675054767431,0.2375599299615145,0.0183902580503211,0.0,0.4402468599238423,-0.42979554919977353,0.6182627961886725,0.5434288023859707,0.5972394174575553,-0.49167303632425374,0.2245130177241069,0.0,1.0,0.0,1.0,1.0,0.0,1.0,0.0,0.0,1.0,0.0
0.23390381674711117,-0.7270894564187017,0.2197897342346723,-0.5826682900568926,0.0,0.4402468599238423,-0.5482733899684458,-0.17488005543925986,0.5434288023859707,-1.654600363757404,-0.6686740759632447,-0.40317138323552315,0.0,1.0,0.0,1.0,0.0,1.0,1.0,0.0,0.0,1.0,0.0
-0.7682495342374575,-0.7441627490599955,0.2853556288130212,-0.2220331611925644,0.0,0.4402468599238423,-0.5233508668294047,0.4072358958471875,0.5434288023859707,0.5705882584482043,-0.6967018051323094,-0.005539325616865033,0.0,1.0,1.0,0.0,1.0,0.0,1.0,0.0,1.0,0.0,0.0
2.238210518716248,-0.13074373487636876,-0.7367370081653521,-0.25637936394154803,0.0,0.4402468599238423,-0.5843151926618283,0.4773116286198131,0.5434288023859707,0.552464551284624,0.11657588025826557,-0.04045950594293011,0.0,1.0,0.0,1.0,1.0,0.0,1.0,0.0,0.0,1.0,0.0
0.23390381674711117,-0.2022889611827427,1.2118568680883812,1.065949441894322,0.0,0.4402468599238423,0.5674887997947784,0.38094650720519385,0.5434288023859707,-0.1186965629598706,0.03776032552974863,1.0154032908646176,0.0,1.0,0.0,1.0,1.0,0.0,1.0,0.0,0.0,0.0,1.0
0.23390381674711117,0.7058476045470268,2.666638451881115,0.7053143130299939,0.0,-2.4651457237133414,2.334351906565451,-1.276386985400257,-2.409465641743196,1.0705316310719568,0.8555755177439507,0.7739160396098412,0.0,1.0,0.0,1.0,1.0,0.0,1.0,0.0,0.0,0.0,1.0
-0.7682495342374575,-0.14781702751766254,0.3815597918859256,0.9457377322728794,0.0,0.4402468599238423,0.09932878821371421,0.9471720057109622,0.5434288023859707,-1.572808934504132,0.09806168466427126,0.9378160245704882,0.0,1.0,0.0,1.0,0.0,1.0,1.0,0.0,1.0,0.0,0.0
-0.7682495342374575,2.2388870062965314,-0.8525496630747721,1.4781038748821258,0.0,0.4402468599238423,1.5782888247993487,-0.2558299863628485,-0.0471500864398625,-1.9325107419302283,1.7380742193201069,1.2623829539123186,1.0,0.0,1.0,0.0,0.0,1.0,0.0,1.0,0.0,1.0,0.0
1.2360571677316798,-0.9604244558497168,-0.24848556891185228,-1.0463420271681718,0.0,0.4402468599238423,-1.0613706325641314,-0.03134568046304065,0.5434288023859707,0.38377844958369706,-1.0928101721765764,-1.0499301152111786,0.0,1.0,0.0,1.0,1.0,0.0,1.0,0.0,0.0,0.0,1.0
-0.7682495342374575,-1.138474507680352,-0.21466091301812545,-0.7028799996783354,0.0,0.4402468599238423,-1.2081451180036722,1.368768959125628,0.5434288023859707,-1.7768687117886608,-1.4949060808071637,-0.5534686075921494,0.0,1.0,0.0,1.0,0.0,1.0,1.0,0.0,0.0,1.0,0.0
1.2360571677316798,-0.004726574904914601,-0.8525496630747721,-0.4968027831844335,0.0,0.4402468599238423,-0.5379209572799211,-0.04301121149463197,0.5434288023859707,-1.653070992547441,0.24793225011381104,-0.301774396436202,0.0,1.0,0.0,1.0,0.0,1.0,1.0,0.0,1.0,0.0,0.0
-0.7682495342374575,0.746498301312012,-0.8525496630747721,-0.5826682900568926,0.0,-2.4651457237133414,0.17064554673466256,-1.090460695284638,-2.409465641743196,0.7420944436850463,0.8851092651997003,-0.40317138323552315,0.0,1.0,1.0,0.0,1.0,0.0,1.0,0.0,1.0,0.0,0.0
-0.7682495342374575,-0.004726574904914601,1.3429886572450789,0.6057103250579412,0.0,0.4402468599238423,0.8358852028306055,-0.37573941542649636,0.5434288023859707,0.8664279448323388,0.24793225011381104,0.6526916862671879,0.0,1.0,0.0,1.0,1.0,0.0,1.0,0.0,0.0,1.0,0.0
1.2360571677316798,1.681057819939022,-0.8525496630747721,2.0448162202403557,0.0,-2.4651457237133414,1.0521360189909006,0.7510436111405363,-2.409465641743196,0.9012415745443046,1.4619907762827966,1.5622174923131444,0.0,1.0,0.0,1.0,1.0,0.0,1.0,0.0,0.0,0.0,1.0
0.23390381674711117,1.4782108430817458,-0.8525496630747721,0.22446747454422294,0.0,-2.4651457237133414,0.8608077259696466,-0.7884082588253968,-2.409465641743196,0.8705597321451234,1.3507742717156743,0.40419857391096675,0.0,1.0,0.0,1.0,1.0,0.0,1.0,0.0,0.0,1.0,0.0
1.2360571677316798,-0.5652996832940607,0.2626833101270501,-0.9948227230446963,0.0,0.4402468599238423,-0.36883122336734997,-1.1254676922695113,0.5434288023859707,-1.6292744792953027,-0.42173930631202355,-0.9679358357110909,0.0,1.0,0.0,1.0,0.0,1.0,1.0,0.0,0.0,0.0,1.0
0.23390381674711117,-0.8831881319962449,0.4060704066815701,-0.5998413914313844,0.0,0.4402468599238423,-0.5789472646011118,-0.1497809258896044,0.5434288023859707,0.554085679230784,-0.9417151992114949,-0.42402391063211947,0.0,1.0,0.0,1.0,1.0,0.0,1.0,0.0,0.0,1.0,0.0
-0.7682495342374575,0.15706319821972653,-0.8525496630747721,-0.35941797218849897,0.0,0.4402468599238423,-0.3853184309824079,-0.08202519967313596,-0.0471500864398625,-0.2869304114326206,0.40429844777569013,-0.14867436221000163,0.0,1.0,1.0,0.0,1.0,0.0,1.0,0.0,0.0,1.0,0.0
-0.7682495342374575,-0.8795295692873962,2.666638451881115,-0.6170144928058763,0.0,0.4402468599238423,0.8390005182229856,-1.6020128366014401,0.5434288023859707,0.8669461980347003,-0.9348469141573053,-0.4450759867765552,0.0,1.0,1.0,0.0,1.0,0.0,1.0,0.0,0.0,1.0,0.0
0.23390381674711117,-0.6551377231446779,-0.2214013320869277,-0.6685337969293517,0.0,0.4402468599238423,-0.756472314037666,0.07602782736092237,0.5434288023859707,0.49762879437876223,-0.5548883511176542,-0.5094686375063348,0.0,1.0,0.0,1.0,1.0,0.0,1.0,0.0,0.0,0.0,1.0
-0.7682495342374575,0.6786116377144867,1.95575402713619,2.0619893216148477,0.0,-0.1408316568035943,1.8638434264578234,-0.03129036139966794,-0.16526586420502928,1.0145432627962065,0.8355286392520511,1.570695056442076,0.0,1.0,0.0,1.0,1.0,0.0,1.0,0.0,0.0,1.0,0.0
1.2360571677316798,0.644871559399549,-0.0559546822163277,-0.5311489859334172,0.0,0.4402468599238423,0.5732401512884032,-1.3490076724377018,-0.0471500864398625,-0.11786046417980768,0.8103983164647017,-0.34177413781903926,0.0,1.0,0.0,1.0,1.0,0.0,0.0,1.0,1.0,0.0,0.0
1.2360571677316798,-0.6425360071475325,0.4759256588491567,-0.2220331611925644,0.0,0.4402468599238423,-0.30825032096783467,0.005967385037890088,0.5434288023859707,-1.6212472166325431,-0.5356407698484121,-0.005539325616865033,0.0,1.0,0.0,1.0,0.0,1.0,1.0,0.0,0.0,0.0,1.0
1.2360571677316798,-0.531153098011473,0.8993465294439145,0.08708266354828838,0.0,0.4402468599238423,0.06175329178869842,-0.10991508005387234,0.5434288023859707,-1.5769191409659151,-0.373475130809724,0.28605339890751985,0.0,1.0,0.0,1.0,0.0,1.0,1.0,0.0,0.0,0.0,1.0
-0.7682495342374575,0.07291625591620715,1.4796353347307964,0.20729437316973112,0.0,0.4402468599238423,0.9946225040546518,-0.907904100040882,0.5434288023859707,0.8922053790968271,0.3245752316553244,0.3897727834059195,0.0,1.0,1.0,0.0,1.0,0.0,1.0,0.0,0.0,1.0,0.0
1.2360571677316798,-0.18846772428264774,0.023704815869516747,-0.17051385706908892,0.0,0.4402468599238423,-0.16293283989557972,-0.14535543058466927,0.5434288023859707,-1.6029360786198605,0.05324230663370213,0.04582312807112377,0.0,1.0,0.0,1.0,0.0,1.0,1.0,0.0,1.0,0.0,0.0
1.2360571677316798,-0.03277555567275439,0.42384060240841226,0.3618522855401575,0.0,0.4402468599238423,0.23429383659744443,0.007077790137296966,-0.0471500864398625,-0.17021368310154703,0.21946843414396378,0.5163209359461156,0.0,1.0,0.0,1.0,1.0,0.0,0.0,1.0,0.0,1.0,0.0
-0.7682495342374575,-0.6844062248154673,0.42384060240841226,-0.3250717694395153,0.0,0.4402468599238423,-0.38033392635459967,-0.03517621140359771,-0.0471500864398625,-0.28584960783341684,-0.6003572776732587,-0.11200809395388098,0.0,1.0,1.0,0.0,1.0,0.0,1.0,0.0,1.0,0.0,0.0
-0.7682495342374575,-0.39497326384877257,-0.8525496630747721,-0.7887455065507945,0.0,0.4402468599238423,-0.9060074528719125,0.1726683287855037,0.30719724685563715,0.4448630592413083,-0.19230437885060495,-0.6674798787752575,1.0,0.0,1.0,0.0,1.0,0.0,1.0,0.0,1.0,0.0,0.0
1.2360571677316798,1.3351203904689979,2.666638451881115,2.2508934367342577,0.0,0.4402468599238423,2.9278913807075373,-0.5914417621577849,-0.0471500864398625,0.13238075064477958,1.268222929962253,1.6618537733590395,0.0,1.0,0.0,1.0,1.0,0.0,0.0,1.0,1.0,0.0,0.0
-0.7682495342374575,-0.29375302890395943,0.5788702409908634,-0.08464835019662982,0.0,0.4402468599238423,0.08514212119610622,-0.36416833946952776,0.5434288023859707,0.7237488752235538,-0.06799289598396177,0.12884902548885085,0.0,1.0,0.0,1.0,1.0,0.0,1.0,0.0,0.0,1.0,0.0
0.23390381674711117,0.011533703801079482,-0.8525496630747721,-0.5654951886824008,0.0,0.4402468599238423,-0.522584019963588,-0.19039936662711346,-0.0471500864398625,-0.31784121940777144,0.2642403650660945,-0.3825146571090536,0.0,1.0,1.0,0.0,1.0,0.0,0.0,1.0,1.0,0.0,0.0
0.23390381674711117,-0.24944376943012556,2.3963323280878988,-0.01595594469866254,0.0,0.4402468599238423,1.2641691773892039,-1.2858075877436563,0.5434288023859707,-1.469590626496439,-0.016027946899608743,0.19308498081138778,0.0,1.0,0.0,1.0,0.0,1.0,1.0,0.0,1.0,0.0,0.0
0.23390381674711117,0.038363163665969716,-0.8525496630747721,0.3275060827911739,0.0,0.4402468599238423,-0.49727807339163865,1.2939878433338527,0.5434288023859707,0.5781524704293438,0.2908472590229655,0.48882151326384127,0.0,1.0,0.0,1.0,1.0,0.0,1.0,0.0,0.0,1.0,0.0
-0.7682495342374575,-0.07993036392013723,-0.8525496630747721,-0.3250717694395153,0.0,-0.1408316568035943,-0.6088542923679611,0.4069155976721642,-0.0471500864398625,-1.663732974278709,0.17063647859640035,-0.11200809395388098,0.0,1.0,0.0,1.0,0.0,1.0,1.0,0.0,1.0,0.0,0.0
1.2360571677316798,1.8940674709875445,2.666638451881115,2.2508934367342577,0.0,0.4402468599238423,3.4550986009564837,-0.8431265922538307,-0.0471500864398625,0.17261773840406178,1.5721866122574386,1.6618537733590395,0.0,1.0,0.0,1.0,1.0,0.0,0.0,1.0,1.0,0.0,0.0
-0.7682495342374575,-0.6762760854624702,0.16831744316381897,-0.6685337969293517,0.0,-2.4651457237133414,-0.5325530292192046,-0.3526070346761234,-2.409465641743196,-1.6522814754392208,-0.5876177858966584,-0.5094686375063348,0.0,1.0,0.0,1.0,0.0,1.0,1.0,0.0,0.0,0.0,1.0
-0.7682495342374575,-0.693349378103764,0.9244699096094501,-0.13616765432010527,0.0,0.4402468599238423,-0.07551229719248174,-0.22229671434578915,0.5434288023859707,0.6874448832393921,-0.6144698155092051,0.07941042427943844,0.0,1.0,0.0,1.0,1.0,0.0,1.0,0.0,0.0,1.0,0.0
-0.7682495342374575,0.6473106012054481,-0.8525496630747721,0.3618522855401575,0.0,-0.7219101735310313,0.0770902291050314,0.22701517329533832,-0.7558447530308628,-0.19690080511889832,0.8122261233491042,0.5163209359461156,0.0,1.0,0.0,1.0,1.0,0.0,1.0,0.0,0.0,0.0,1.0
0.23390381674711117,2.2388870062965314,-0.8525496630747721,2.0791624229893397,0.0,0.4402468599238423,1.5782888247993487,0.2253890990779989,0.5434288023859707,0.9774060675866278,1.7380742193201069,1.5791400770585697,0.0,1.0,0.0,1.0,1.0,0.0,1.0,0.0,0.0,1.0,0.0
0.23390381674711117,2.2388870062965314,-0.8525496630747721,0.980083935021863,0.0,-0.7219101735310313,1.5782888247993487,-0.654554371442408,-0.637728975265696,0.9774060675866278,1.7380742193201069,0.9602644353660877,0.0,1.0,1.0,0.0,1.0,0.0,1.0,0.0,0.0,1.0,0.0
0.23390381674711117,0.024135419798224898,-0.8525496630747721,-0.9948227230446963,0.0,0.4402468599238423,-0.51069789354343,-0.9512830994821683,0.5434288023859707,0.5742727238690785,0.276783832015383,-0.9679358357110909,1.0,0.0,1.0,0.0,1.0,0.0,1.0,0.0,0.0,1.0,0.0
-0.7682495342374575,1.0176384487344634,-0.8525496630747721,-0.18768695844358074,0.0,0.4402468599238423,0.426388976484515,-0.8518910244643885,-0.0471500864398625,-0.13974753247022262,1.0711898422589186,0.0288352045125543,0.0,1.0,1.0,0.0,1.0,0.0,0.0,1.0,0.0,0.0,1.0
0.23390381674711117,0.0009645226421833281,-0.8525496630747721,-0.067475248822138,0.0,0.4402468599238423,-0.5325530292192046,0.6962639406561377,0.5434288023859707,0.567892330729691,0.2536559828629588,0.14508470928319223,1.0,0.0,0.0,1.0,1.0,0.0,1.0,0.0,0.0,0.0,1.0
-0.7682495342374575,-0.45716882989919994,-0.009384514104603251,-1.4413233587814835,0.0,0.4402468599238423,-0.4370805944250317,-1.784639611510821,-0.0471500864398625,-0.2983214926585914,-0.2729172985699395,-1.8069159219791608,0.0,1.0,0.0,1.0,1.0,0.0,1.0,0.0,1.0,0.0,0.0
0.23390381674711117,-0.995790562035254,0.004096324033001192,-0.926130317546729,0.0,-0.1408316568035943,-0.9366813275045784,-0.05902601240033036,-0.0471500864398625,0.43335222583986766,-1.1662091094102243,-0.8631576919868101,0.0,1.0,0.0,1.0,1.0,0.0,1.0,0.0,0.0,0.0,1.0
-0.7682495342374575,-0.6880647875243159,0.8576784842913189,0.08708266354828838,0.0,0.4402468599238423,-0.11232094675168089,0.1452849270804683,0.5434288023859707,0.6787616927089679,-0.6061179590545034,0.28605339890751985,0.0,1.0,1.0,0.0,1.0,0.0,1.0,0.0,0.0,1.0,0.0
-0.7682495342374575,-0.8287161983311647,2.666638451881115,0.8255260226514366,0.0,0.4402468599238423,0.8869284473365262,-0.22435711167943556,0.5434288023859707,0.8748555827292035,-0.8419289541326088,0.8573920495956948,0.0,1.0,0.0,1.0,1.0,0.0,1.0,0.0,1.0,0.0,0.0
-0.7682495342374575,-0.7579839859600905,0.5280107152899012,-0.2907255666905317,0.0,0.4402468599238423,-0.38455158411659124,0.027395559954728685,0.5434288023859707,0.609658879123648,-0.7196968490972145,-0.07594293921172837,0.0,1.0,0.0,1.0,1.0,0.0,1.0,0.0,0.0,1.0,0.0
-0.7682495342374575,-0.8860336807697939,0.5580362184145656,-0.03312904607315436,0.0,0.4402468599238423,-0.4865422172702056,0.6532811711516383,0.5434288023859707,0.581235778628152,-0.9470743698236754,0.17720097556772146,1.0,0.0,0.0,1.0,1.0,0.0,1.0,0.0,0.0,1.0,0.0
-0.7682495342374575,-0.9108306057964348,-0.543103151279761,-0.1533407556945971,0.0,0.4402468599238423,-1.1989429556138724,2.858105551472409,0.5434288023859707,0.32304226300097355,-0.994425031814701,0.06268087469134023,1.0,0.0,0.0,1.0,1.0,0.0,1.0,0.0,0.0,1.0,0.0
